ISO-10303-21;
HEADER;
/* Generated by software containing ST-Developer
 * from STEP Tools, Inc. (www.steptools.com) 
 */

FILE_DESCRIPTION(
/* description */ (''),
/* implementation_level */ '2;1');

FILE_NAME(
/* name */ 'ovp.step',
/* time_stamp */ '2026-09-18T12:09:48+01:00',
/* author */ (''),
/* organization */ (''),
/* preprocessor_version */ 'ST-DEVELOPER v20.2',
/* originating_system */ 'Autodesk Translation Framework v15.15.0.0',
/* authorisation */ '');

FILE_SCHEMA (('AUTOMOTIVE_DESIGN { 1 0 10303 214 3 1 1 }'));
ENDSEC;

DATA;
#10=MECHANICAL_DESIGN_GEOMETRIC_PRESENTATION_REPRESENTATION('',(#13,#14,
#15),#2395);
#11=SHAPE_REPRESENTATION_RELATIONSHIP('SRR','None',#2402,#12);
#12=ADVANCED_BREP_SHAPE_REPRESENTATION('',(#16,#17,#18),#2394);
#13=STYLED_ITEM('',(#2411),#16);
#14=STYLED_ITEM('',(#2411),#17);
#15=STYLED_ITEM('',(#2411),#18);
#16=MANIFOLD_SOLID_BREP('Body1',#1167);
#17=MANIFOLD_SOLID_BREP('Body2',#1168);
#18=MANIFOLD_SOLID_BREP('Body3',#1169);
#19=FACE_BOUND('',#292,.T.);
#20=FACE_BOUND('',#316,.T.);
#21=FACE_BOUND('',#352,.T.);
#22=FACE_BOUND('',#354,.T.);
#23=CIRCLE('',#1185,0.09);
#24=CIRCLE('',#1186,0.09);
#25=CIRCLE('',#1189,0.09);
#26=CIRCLE('',#1190,0.09);
#27=CIRCLE('',#1191,0.06);
#28=CIRCLE('',#1192,0.06);
#29=CIRCLE('',#1194,0.06);
#30=CIRCLE('',#1197,0.06);
#31=CIRCLE('',#1200,0.09);
#32=CIRCLE('',#1203,0.09);
#33=CIRCLE('',#1208,0.04);
#34=CIRCLE('',#1209,0.04);
#35=CIRCLE('',#1212,0.09);
#36=CIRCLE('',#1213,0.09);
#37=CIRCLE('',#1214,0.09);
#38=CIRCLE('',#1215,0.09);
#39=CIRCLE('',#1216,0.04);
#40=CIRCLE('',#1217,0.03);
#41=CIRCLE('',#1219,0.04);
#42=CIRCLE('',#1222,0.03);
#43=CIRCLE('',#1223,0.09);
#44=CIRCLE('',#1224,0.09);
#45=CIRCLE('',#1225,0.09);
#46=CIRCLE('',#1226,0.09);
#47=CYLINDRICAL_SURFACE('',#1184,0.09);
#48=CYLINDRICAL_SURFACE('',#1193,0.06);
#49=CYLINDRICAL_SURFACE('',#1196,0.06);
#50=CYLINDRICAL_SURFACE('',#1199,0.09);
#51=CYLINDRICAL_SURFACE('',#1202,0.09);
#52=CYLINDRICAL_SURFACE('',#1207,0.04);
#53=CYLINDRICAL_SURFACE('',#1218,0.04);
#54=CYLINDRICAL_SURFACE('',#1227,0.03);
#55=CYLINDRICAL_SURFACE('',#1228,0.09);
#56=CYLINDRICAL_SURFACE('',#1231,0.09);
#57=CYLINDRICAL_SURFACE('',#1232,0.09);
#58=CYLINDRICAL_SURFACE('',#1234,0.09);
#59=LINE('',#1474,#131);
#60=LINE('',#1476,#132);
#61=LINE('',#1477,#133);
#62=LINE('',#1483,#134);
#63=LINE('',#1486,#135);
#64=LINE('',#1489,#136);
#65=LINE('',#1491,#137);
#66=LINE('',#1492,#138);
#67=LINE('',#1541,#139);
#68=LINE('',#1545,#140);
#69=LINE('',#1549,#141);
#70=LINE('',#1581,#142);
#71=LINE('',#1585,#143);
#72=LINE('',#1591,#144);
#73=LINE('',#1592,#145);
#74=LINE('',#1595,#146);
#75=LINE('',#1596,#147);
#76=LINE('',#1601,#148);
#77=LINE('',#1602,#149);
#78=LINE('',#1604,#150);
#79=LINE('',#1607,#151);
#80=LINE('',#1611,#152);
#81=LINE('',#1612,#153);
#82=LINE('',#1615,#154);
#83=LINE('',#1619,#155);
#84=LINE('',#1620,#156);
#85=LINE('',#1634,#157);
#86=LINE('',#1667,#158);
#87=LINE('',#1681,#159);
#88=LINE('',#1714,#160);
#89=LINE('',#1766,#161);
#90=LINE('',#1780,#162);
#91=LINE('',#1873,#163);
#92=LINE('',#1876,#164);
#93=LINE('',#1879,#165);
#94=LINE('',#1881,#166);
#95=LINE('',#1882,#167);
#96=LINE('',#1885,#168);
#97=LINE('',#1889,#169);
#98=LINE('',#1893,#170);
#99=LINE('',#1897,#171);
#100=LINE('',#1901,#172);
#101=LINE('',#1905,#173);
#102=LINE('',#1911,#174);
#103=LINE('',#1912,#175);
#104=LINE('',#1915,#176);
#105=LINE('',#1916,#177);
#106=LINE('',#1920,#178);
#107=LINE('',#1924,#179);
#108=LINE('',#1928,#180);
#109=LINE('',#1932,#181);
#110=LINE('',#1935,#182);
#111=LINE('',#1938,#183);
#112=LINE('',#1939,#184);
#113=LINE('',#1942,#185);
#114=LINE('',#1944,#186);
#115=LINE('',#1946,#187);
#116=LINE('',#1947,#188);
#117=LINE('',#1949,#189);
#118=LINE('',#1951,#190);
#119=LINE('',#1966,#191);
#120=LINE('',#1971,#192);
#121=LINE('',#1986,#193);
#122=LINE('',#2001,#194);
#123=LINE('',#2016,#195);
#124=LINE('',#2031,#196);
#125=LINE('',#2046,#197);
#126=LINE('',#2061,#198);
#127=LINE('',#2098,#199);
#128=LINE('',#2215,#200);
#129=LINE('',#2258,#201);
#130=LINE('',#2325,#202);
#131=VECTOR('',#1243,10.);
#132=VECTOR('',#1244,10.);
#133=VECTOR('',#1245,10.);
#134=VECTOR('',#1250,10.);
#135=VECTOR('',#1253,10.);
#136=VECTOR('',#1256,10.);
#137=VECTOR('',#1257,10.);
#138=VECTOR('',#1258,10.);
#139=VECTOR('',#1261,10.);
#140=VECTOR('',#1264,10.);
#141=VECTOR('',#1267,10.);
#142=VECTOR('',#1268,10.);
#143=VECTOR('',#1271,10.);
#144=VECTOR('',#1278,10.);
#145=VECTOR('',#1279,10.);
#146=VECTOR('',#1282,10.);
#147=VECTOR('',#1283,10.);
#148=VECTOR('',#1288,10.);
#149=VECTOR('',#1289,10.);
#150=VECTOR('',#1292,10.);
#151=VECTOR('',#1295,10.);
#152=VECTOR('',#1300,10.);
#153=VECTOR('',#1301,10.);
#154=VECTOR('',#1304,10.);
#155=VECTOR('',#1309,10.);
#156=VECTOR('',#1310,10.);
#157=VECTOR('',#1311,10.);
#158=VECTOR('',#1312,10.);
#159=VECTOR('',#1313,10.);
#160=VECTOR('',#1316,10.);
#161=VECTOR('',#1317,10.);
#162=VECTOR('',#1318,10.);
#163=VECTOR('',#1325,10.);
#164=VECTOR('',#1328,10.);
#165=VECTOR('',#1331,10.);
#166=VECTOR('',#1332,10.);
#167=VECTOR('',#1333,10.);
#168=VECTOR('',#1336,10.);
#169=VECTOR('',#1339,10.);
#170=VECTOR('',#1342,10.);
#171=VECTOR('',#1345,10.);
#172=VECTOR('',#1348,10.);
#173=VECTOR('',#1351,10.);
#174=VECTOR('',#1358,10.);
#175=VECTOR('',#1359,10.);
#176=VECTOR('',#1362,10.);
#177=VECTOR('',#1363,10.);
#178=VECTOR('',#1368,10.);
#179=VECTOR('',#1371,10.);
#180=VECTOR('',#1374,10.);
#181=VECTOR('',#1377,10.);
#182=VECTOR('',#1380,10.);
#183=VECTOR('',#1385,10.);
#184=VECTOR('',#1386,10.);
#185=VECTOR('',#1391,10.);
#186=VECTOR('',#1394,10.);
#187=VECTOR('',#1397,10.);
#188=VECTOR('',#1398,10.);
#189=VECTOR('',#1401,10.);
#190=VECTOR('',#1404,10.);
#191=VECTOR('',#1409,10.);
#192=VECTOR('',#1410,10.);
#193=VECTOR('',#1411,10.);
#194=VECTOR('',#1412,10.);
#195=VECTOR('',#1413,10.);
#196=VECTOR('',#1414,10.);
#197=VECTOR('',#1415,10.);
#198=VECTOR('',#1416,10.);
#199=VECTOR('',#1417,10.);
#200=VECTOR('',#1418,10.);
#201=VECTOR('',#1419,10.);
#202=VECTOR('',#1420,10.);
#203=PLANE('',#1183);
#204=PLANE('',#1187);
#205=PLANE('',#1188);
#206=PLANE('',#1195);
#207=PLANE('',#1198);
#208=PLANE('',#1201);
#209=PLANE('',#1204);
#210=PLANE('',#1205);
#211=PLANE('',#1206);
#212=PLANE('',#1210);
#213=PLANE('',#1211);
#214=PLANE('',#1220);
#215=PLANE('',#1221);
#216=PLANE('',#1229);
#217=PLANE('',#1230);
#218=PLANE('',#1233);
#219=PLANE('',#1235);
#220=PLANE('',#1236);
#221=PLANE('',#1237);
#222=PLANE('',#1238);
#223=FACE_OUTER_BOUND('',#287,.T.);
#224=FACE_OUTER_BOUND('',#288,.T.);
#225=FACE_OUTER_BOUND('',#289,.T.);
#226=FACE_OUTER_BOUND('',#290,.T.);
#227=FACE_OUTER_BOUND('',#291,.T.);
#228=FACE_OUTER_BOUND('',#293,.T.);
#229=FACE_OUTER_BOUND('',#294,.T.);
#230=FACE_OUTER_BOUND('',#295,.T.);
#231=FACE_OUTER_BOUND('',#296,.T.);
#232=FACE_OUTER_BOUND('',#297,.T.);
#233=FACE_OUTER_BOUND('',#298,.T.);
#234=FACE_OUTER_BOUND('',#299,.T.);
#235=FACE_OUTER_BOUND('',#300,.T.);
#236=FACE_OUTER_BOUND('',#301,.T.);
#237=FACE_OUTER_BOUND('',#302,.T.);
#238=FACE_OUTER_BOUND('',#303,.T.);
#239=FACE_OUTER_BOUND('',#304,.T.);
#240=FACE_OUTER_BOUND('',#305,.T.);
#241=FACE_OUTER_BOUND('',#306,.T.);
#242=FACE_OUTER_BOUND('',#307,.T.);
#243=FACE_OUTER_BOUND('',#308,.T.);
#244=FACE_OUTER_BOUND('',#309,.T.);
#245=FACE_OUTER_BOUND('',#310,.T.);
#246=FACE_OUTER_BOUND('',#311,.T.);
#247=FACE_OUTER_BOUND('',#312,.T.);
#248=FACE_OUTER_BOUND('',#313,.T.);
#249=FACE_OUTER_BOUND('',#314,.T.);
#250=FACE_OUTER_BOUND('',#315,.T.);
#251=FACE_OUTER_BOUND('',#317,.T.);
#252=FACE_OUTER_BOUND('',#318,.T.);
#253=FACE_OUTER_BOUND('',#319,.T.);
#254=FACE_OUTER_BOUND('',#320,.T.);
#255=FACE_OUTER_BOUND('',#321,.T.);
#256=FACE_OUTER_BOUND('',#322,.T.);
#257=FACE_OUTER_BOUND('',#323,.T.);
#258=FACE_OUTER_BOUND('',#324,.T.);
#259=FACE_OUTER_BOUND('',#325,.T.);
#260=FACE_OUTER_BOUND('',#326,.T.);
#261=FACE_OUTER_BOUND('',#327,.T.);
#262=FACE_OUTER_BOUND('',#328,.T.);
#263=FACE_OUTER_BOUND('',#329,.T.);
#264=FACE_OUTER_BOUND('',#330,.T.);
#265=FACE_OUTER_BOUND('',#331,.T.);
#266=FACE_OUTER_BOUND('',#332,.T.);
#267=FACE_OUTER_BOUND('',#333,.T.);
#268=FACE_OUTER_BOUND('',#334,.T.);
#269=FACE_OUTER_BOUND('',#335,.T.);
#270=FACE_OUTER_BOUND('',#336,.T.);
#271=FACE_OUTER_BOUND('',#337,.T.);
#272=FACE_OUTER_BOUND('',#338,.T.);
#273=FACE_OUTER_BOUND('',#339,.T.);
#274=FACE_OUTER_BOUND('',#340,.T.);
#275=FACE_OUTER_BOUND('',#341,.T.);
#276=FACE_OUTER_BOUND('',#342,.T.);
#277=FACE_OUTER_BOUND('',#343,.T.);
#278=FACE_OUTER_BOUND('',#344,.T.);
#279=FACE_OUTER_BOUND('',#345,.T.);
#280=FACE_OUTER_BOUND('',#346,.T.);
#281=FACE_OUTER_BOUND('',#347,.T.);
#282=FACE_OUTER_BOUND('',#348,.T.);
#283=FACE_OUTER_BOUND('',#349,.T.);
#284=FACE_OUTER_BOUND('',#350,.T.);
#285=FACE_OUTER_BOUND('',#351,.T.);
#286=FACE_OUTER_BOUND('',#353,.T.);
#287=EDGE_LOOP('',(#723,#724,#725,#726));
#288=EDGE_LOOP('',(#727,#728,#729,#730));
#289=EDGE_LOOP('',(#731,#732,#733,#734));
#290=EDGE_LOOP('',(#735,#736,#737,#738));
#291=EDGE_LOOP('',(#739,#740,#741,#742,#743,#744,#745,#746,#747,#748,#749,
#750,#751,#752,#753));
#292=EDGE_LOOP('',(#754,#755,#756,#757,#758,#759,#760,#761,#762,#763,#764));
#293=EDGE_LOOP('',(#765,#766,#767,#768));
#294=EDGE_LOOP('',(#769,#770,#771,#772));
#295=EDGE_LOOP('',(#773,#774,#775,#776));
#296=EDGE_LOOP('',(#777,#778,#779,#780));
#297=EDGE_LOOP('',(#781,#782,#783,#784));
#298=EDGE_LOOP('',(#785,#786,#787,#788));
#299=EDGE_LOOP('',(#789,#790,#791,#792));
#300=EDGE_LOOP('',(#793,#794,#795,#796));
#301=EDGE_LOOP('',(#797,#798,#799,#800));
#302=EDGE_LOOP('',(#801,#802,#803,#804));
#303=EDGE_LOOP('',(#805,#806,#807,#808));
#304=EDGE_LOOP('',(#809,#810,#811,#812));
#305=EDGE_LOOP('',(#813,#814,#815,#816));
#306=EDGE_LOOP('',(#817,#818,#819,#820));
#307=EDGE_LOOP('',(#821,#822,#823,#824));
#308=EDGE_LOOP('',(#825,#826,#827,#828));
#309=EDGE_LOOP('',(#829,#830,#831,#832));
#310=EDGE_LOOP('',(#833,#834,#835,#836));
#311=EDGE_LOOP('',(#837,#838,#839,#840));
#312=EDGE_LOOP('',(#841,#842,#843,#844));
#313=EDGE_LOOP('',(#845,#846,#847,#848));
#314=EDGE_LOOP('',(#849,#850,#851,#852));
#315=EDGE_LOOP('',(#853,#854,#855,#856,#857,#858,#859,#860,#861,#862,#863,
#864,#865,#866,#867));
#316=EDGE_LOOP('',(#868,#869,#870,#871,#872,#873,#874,#875,#876,#877,#878));
#317=EDGE_LOOP('',(#879,#880,#881,#882));
#318=EDGE_LOOP('',(#883,#884,#885,#886));
#319=EDGE_LOOP('',(#887,#888,#889,#890,#891,#892,#893,#894,#895,#896,#897,
#898,#899,#900));
#320=EDGE_LOOP('',(#901,#902,#903,#904));
#321=EDGE_LOOP('',(#905,#906,#907,#908));
#322=EDGE_LOOP('',(#909,#910,#911,#912,#913,#914,#915,#916,#917,#918,#919,
#920,#921,#922));
#323=EDGE_LOOP('',(#923,#924,#925,#926));
#324=EDGE_LOOP('',(#927,#928,#929,#930));
#325=EDGE_LOOP('',(#931,#932,#933,#934));
#326=EDGE_LOOP('',(#935,#936,#937,#938));
#327=EDGE_LOOP('',(#939,#940,#941,#942));
#328=EDGE_LOOP('',(#943,#944,#945,#946));
#329=EDGE_LOOP('',(#947,#948,#949,#950));
#330=EDGE_LOOP('',(#951,#952,#953,#954));
#331=EDGE_LOOP('',(#955,#956,#957,#958));
#332=EDGE_LOOP('',(#959,#960,#961,#962));
#333=EDGE_LOOP('',(#963,#964,#965,#966));
#334=EDGE_LOOP('',(#967,#968,#969,#970));
#335=EDGE_LOOP('',(#971,#972,#973,#974));
#336=EDGE_LOOP('',(#975,#976,#977,#978));
#337=EDGE_LOOP('',(#979,#980,#981,#982));
#338=EDGE_LOOP('',(#983,#984,#985,#986));
#339=EDGE_LOOP('',(#987,#988,#989,#990));
#340=EDGE_LOOP('',(#991,#992,#993,#994));
#341=EDGE_LOOP('',(#995,#996,#997,#998));
#342=EDGE_LOOP('',(#999,#1000,#1001,#1002));
#343=EDGE_LOOP('',(#1003,#1004,#1005,#1006));
#344=EDGE_LOOP('',(#1007,#1008,#1009,#1010));
#345=EDGE_LOOP('',(#1011,#1012,#1013,#1014));
#346=EDGE_LOOP('',(#1015,#1016,#1017,#1018));
#347=EDGE_LOOP('',(#1019,#1020,#1021,#1022));
#348=EDGE_LOOP('',(#1023,#1024,#1025,#1026));
#349=EDGE_LOOP('',(#1027,#1028,#1029,#1030));
#350=EDGE_LOOP('',(#1031,#1032,#1033,#1034));
#351=EDGE_LOOP('',(#1035,#1036,#1037,#1038,#1039,#1040,#1041,#1042,#1043,
#1044));
#352=EDGE_LOOP('',(#1045,#1046,#1047,#1048,#1049,#1050,#1051,#1052));
#353=EDGE_LOOP('',(#1053,#1054,#1055,#1056,#1057,#1058,#1059,#1060,#1061,
#1062));
#354=EDGE_LOOP('',(#1063,#1064,#1065,#1066,#1067,#1068,#1069,#1070));
#355=B_SPLINE_CURVE_WITH_KNOTS('',3,(#1448,#1449,#1450,#1451,#1452,#1453,
#1454),.UNSPECIFIED.,.F.,.F.,(4,3,4),(0.,0.00201938032567774,0.00471188742658139),
 .UNSPECIFIED.);
#356=B_SPLINE_CURVE_WITH_KNOTS('',3,(#1456,#1457,#1458,#1459),
 .UNSPECIFIED.,.F.,.F.,(4,4),(-2.71050543121376E-19,0.01),.UNSPECIFIED.);
#357=B_SPLINE_CURVE_WITH_KNOTS('',3,(#1461,#1462,#1463,#1464,#1465,#1466,
#1467),.UNSPECIFIED.,.F.,.F.,(4,3,4),(0.,0.00269250710090365,0.00471188742658139),
 .UNSPECIFIED.);
#358=B_SPLINE_CURVE_WITH_KNOTS('',3,(#1468,#1469,#1470,#1471),
 .UNSPECIFIED.,.F.,.F.,(4,4),(-0.01,2.71050543121376E-19),.UNSPECIFIED.);
#359=B_SPLINE_CURVE_WITH_KNOTS('',3,(#1495,#1496,#1497,#1498,#1499,#1500,
#1501),.UNSPECIFIED.,.F.,.F.,(4,3,4),(-0.00586260749220933,0.,0.951843368151449),
 .UNSPECIFIED.);
#360=B_SPLINE_CURVE_WITH_KNOTS('',3,(#1503,#1504,#1505,#1506,#1507,#1508,
#1509,#1510,#1511,#1512),.UNSPECIFIED.,.F.,.F.,(4,3,3,4),(-0.00099155540238805,
0.,1.,1.00793567062903),.UNSPECIFIED.);
#361=B_SPLINE_CURVE_WITH_KNOTS('',3,(#1514,#1515,#1516,#1517,#1518,#1519,
#1520),.UNSPECIFIED.,.F.,.F.,(4,3,4),(1.70827812016181E-6,1.00000000000023,
1.00097665584278),.UNSPECIFIED.);
#362=B_SPLINE_CURVE_WITH_KNOTS('',3,(#1522,#1523,#1524,#1525),
 .UNSPECIFIED.,.F.,.F.,(4,4),(0.,1.),.UNSPECIFIED.);
#363=B_SPLINE_CURVE_WITH_KNOTS('',3,(#1527,#1528,#1529,#1530),
 .UNSPECIFIED.,.F.,.F.,(4,4),(0.000779763267773765,1.),.UNSPECIFIED.);
#364=B_SPLINE_CURVE_WITH_KNOTS('',3,(#1532,#1533,#1534,#1535),
 .UNSPECIFIED.,.F.,.F.,(4,4),(0.00108259495866236,0.999195830619307),
 .UNSPECIFIED.);
#365=B_SPLINE_CURVE_WITH_KNOTS('',3,(#1536,#1537,#1538,#1539),
 .UNSPECIFIED.,.F.,.F.,(4,4),(0.,0.998503972063926),.UNSPECIFIED.);
#366=B_SPLINE_CURVE_WITH_KNOTS('',3,(#1551,#1552,#1553,#1554),
 .UNSPECIFIED.,.F.,.F.,(4,4),(0.00154295085213365,1.),.UNSPECIFIED.);
#367=B_SPLINE_CURVE_WITH_KNOTS('',3,(#1556,#1557,#1558,#1559),
 .UNSPECIFIED.,.F.,.F.,(4,4),(0.,0.998834335057858),.UNSPECIFIED.);
#368=B_SPLINE_CURVE_WITH_KNOTS('',3,(#1561,#1562,#1563,#1564),
 .UNSPECIFIED.,.F.,.F.,(4,4),(0.,1.),.UNSPECIFIED.);
#369=B_SPLINE_CURVE_WITH_KNOTS('',3,(#1566,#1567,#1568,#1569),
 .UNSPECIFIED.,.F.,.F.,(4,4),(0.00243303384601226,1.),.UNSPECIFIED.);
#370=B_SPLINE_CURVE_WITH_KNOTS('',3,(#1571,#1572,#1573,#1574),
 .UNSPECIFIED.,.F.,.F.,(4,4),(0.,0.99754174254595),.UNSPECIFIED.);
#371=B_SPLINE_CURVE_WITH_KNOTS('',3,(#1576,#1577,#1578,#1579),
 .UNSPECIFIED.,.F.,.F.,(4,4),(0.,1.),.UNSPECIFIED.);
#372=B_SPLINE_CURVE_WITH_KNOTS('',3,(#1630,#1631,#1632,#1633),
 .UNSPECIFIED.,.F.,.F.,(4,4),(0.,1.),.UNSPECIFIED.);
#373=B_SPLINE_CURVE_WITH_KNOTS('',3,(#1644,#1645,#1646,#1647),
 .UNSPECIFIED.,.F.,.F.,(4,4),(0.,0.997541742546217),.UNSPECIFIED.);
#374=B_SPLINE_CURVE_WITH_KNOTS('',3,(#1648,#1649,#1650,#1651,#1652,#1653),
 .UNSPECIFIED.,.F.,.F.,(4,2,4),(0.,0.005,0.01),.UNSPECIFIED.);
#375=B_SPLINE_CURVE_WITH_KNOTS('',3,(#1663,#1664,#1665,#1666),
 .UNSPECIFIED.,.F.,.F.,(4,4),(0.00243303384629009,1.),.UNSPECIFIED.);
#376=B_SPLINE_CURVE_WITH_KNOTS('',3,(#1677,#1678,#1679,#1680),
 .UNSPECIFIED.,.F.,.F.,(4,4),(0.,1.),.UNSPECIFIED.);
#377=B_SPLINE_CURVE_WITH_KNOTS('',3,(#1691,#1692,#1693,#1694),
 .UNSPECIFIED.,.F.,.F.,(4,4),(0.,0.998834335058091),.UNSPECIFIED.);
#378=B_SPLINE_CURVE_WITH_KNOTS('',3,(#1695,#1696,#1697,#1698,#1699,#1700),
 .UNSPECIFIED.,.F.,.F.,(4,2,4),(-0.01,-0.005,0.),.UNSPECIFIED.);
#379=B_SPLINE_CURVE_WITH_KNOTS('',3,(#1709,#1710,#1711,#1712),
 .UNSPECIFIED.,.F.,.F.,(4,4),(0.00154295085237166,1.),.UNSPECIFIED.);
#380=B_SPLINE_CURVE_WITH_KNOTS('',3,(#1724,#1725,#1726,#1727),
 .UNSPECIFIED.,.F.,.F.,(4,4),(0.,0.998503972063668),.UNSPECIFIED.);
#381=B_SPLINE_CURVE_WITH_KNOTS('',3,(#1728,#1729,#1730,#1731,#1732,#1733),
 .UNSPECIFIED.,.F.,.F.,(4,2,4),(-0.01,-0.005,0.),.UNSPECIFIED.);
#382=B_SPLINE_CURVE_WITH_KNOTS('',3,(#1743,#1744,#1745,#1746),
 .UNSPECIFIED.,.F.,.F.,(4,4),(0.00108259495851968,0.999195830619116),
 .UNSPECIFIED.);
#383=B_SPLINE_CURVE_WITH_KNOTS('',3,(#1747,#1748,#1749,#1750,#1751,#1752),
 .UNSPECIFIED.,.F.,.F.,(4,2,4),(0.,0.005,0.01),.UNSPECIFIED.);
#384=B_SPLINE_CURVE_WITH_KNOTS('',3,(#1762,#1763,#1764,#1765),
 .UNSPECIFIED.,.F.,.F.,(4,4),(0.000779763267593325,1.),.UNSPECIFIED.);
#385=B_SPLINE_CURVE_WITH_KNOTS('',3,(#1776,#1777,#1778,#1779),
 .UNSPECIFIED.,.F.,.F.,(4,4),(0.,1.),.UNSPECIFIED.);
#386=B_SPLINE_CURVE_WITH_KNOTS('',3,(#1796,#1797,#1798,#1799,#1800,#1801,
#1802),.UNSPECIFIED.,.F.,.F.,(4,3,4),(1.70827812016181E-6,1.00000000000019,
1.00097665584385),.UNSPECIFIED.);
#387=B_SPLINE_CURVE_WITH_KNOTS('',3,(#1803,#1804,#1805,#1806,#1807,#1808),
 .UNSPECIFIED.,.F.,.F.,(4,2,4),(0.,0.005,0.01),.UNSPECIFIED.);
#388=B_SPLINE_CURVE_WITH_KNOTS('',3,(#1830,#1831,#1832,#1833,#1834,#1835,
#1836,#1837,#1838,#1839),.UNSPECIFIED.,.F.,.F.,(4,3,3,4),(-0.000991555401340936,
0.,1.,1.00793567062893),.UNSPECIFIED.);
#389=B_SPLINE_CURVE_WITH_KNOTS('',3,(#1840,#1841,#1842,#1843,#1844,#1845),
 .UNSPECIFIED.,.F.,.F.,(4,2,4),(-0.01,-0.005,0.),.UNSPECIFIED.);
#390=B_SPLINE_CURVE_WITH_KNOTS('',3,(#1860,#1861,#1862,#1863,#1864,#1865,
#1866),.UNSPECIFIED.,.F.,.F.,(4,3,4),(-0.00586260749220425,0.,0.951843368151449),
 .UNSPECIFIED.);
#391=B_SPLINE_CURVE_WITH_KNOTS('',2,(#1962,#1963,#1964),.UNSPECIFIED.,.F.,
 .F.,(3,3),(0.,1.),.UNSPECIFIED.);
#392=B_SPLINE_CURVE_WITH_KNOTS('',2,(#1968,#1969,#1970),.UNSPECIFIED.,.F.,
 .F.,(3,3),(-1.,0.),.UNSPECIFIED.);
#393=B_SPLINE_CURVE_WITH_KNOTS('',2,(#1979,#1980,#1981),.UNSPECIFIED.,.F.,
 .F.,(3,3),(0.,1.),.UNSPECIFIED.);
#394=B_SPLINE_CURVE_WITH_KNOTS('',2,(#1983,#1984,#1985),.UNSPECIFIED.,.F.,
 .F.,(3,3),(-1.,0.),.UNSPECIFIED.);
#395=B_SPLINE_CURVE_WITH_KNOTS('',2,(#1994,#1995,#1996),.UNSPECIFIED.,.F.,
 .F.,(3,3),(0.,1.),.UNSPECIFIED.);
#396=B_SPLINE_CURVE_WITH_KNOTS('',2,(#1998,#1999,#2000),.UNSPECIFIED.,.F.,
 .F.,(3,3),(-1.,0.),.UNSPECIFIED.);
#397=B_SPLINE_CURVE_WITH_KNOTS('',2,(#2009,#2010,#2011),.UNSPECIFIED.,.F.,
 .F.,(3,3),(0.,1.),.UNSPECIFIED.);
#398=B_SPLINE_CURVE_WITH_KNOTS('',2,(#2013,#2014,#2015),.UNSPECIFIED.,.F.,
 .F.,(3,3),(-1.,0.),.UNSPECIFIED.);
#399=B_SPLINE_CURVE_WITH_KNOTS('',2,(#2024,#2025,#2026),.UNSPECIFIED.,.F.,
 .F.,(3,3),(0.,1.),.UNSPECIFIED.);
#400=B_SPLINE_CURVE_WITH_KNOTS('',2,(#2028,#2029,#2030),.UNSPECIFIED.,.F.,
 .F.,(3,3),(-1.,0.),.UNSPECIFIED.);
#401=B_SPLINE_CURVE_WITH_KNOTS('',2,(#2039,#2040,#2041),.UNSPECIFIED.,.F.,
 .F.,(3,3),(0.,1.),.UNSPECIFIED.);
#402=B_SPLINE_CURVE_WITH_KNOTS('',2,(#2043,#2044,#2045),.UNSPECIFIED.,.F.,
 .F.,(3,3),(-1.,0.),.UNSPECIFIED.);
#403=B_SPLINE_CURVE_WITH_KNOTS('',2,(#2054,#2055,#2056),.UNSPECIFIED.,.F.,
 .F.,(3,3),(0.,1.),.UNSPECIFIED.);
#404=B_SPLINE_CURVE_WITH_KNOTS('',2,(#2058,#2059,#2060),.UNSPECIFIED.,.F.,
 .F.,(3,3),(-1.,0.),.UNSPECIFIED.);
#405=B_SPLINE_CURVE_WITH_KNOTS('',2,(#2068,#2069,#2070),.UNSPECIFIED.,.F.,
 .F.,(3,3),(0.,1.),.UNSPECIFIED.);
#406=B_SPLINE_CURVE_WITH_KNOTS('',2,(#2071,#2072,#2073),.UNSPECIFIED.,.F.,
 .F.,(3,3),(-1.,0.),.UNSPECIFIED.);
#407=B_SPLINE_CURVE_WITH_KNOTS('',3,(#2090,#2091,#2092,#2093,#2094,#2095,
#2096),.UNSPECIFIED.,.F.,.F.,(4,3,4),(0.,1.,1.00094507737327),
 .UNSPECIFIED.);
#408=B_SPLINE_CURVE_WITH_KNOTS('',3,(#2100,#2101,#2102,#2103,#2104,#2105,
#2106),.UNSPECIFIED.,.F.,.F.,(4,3,4),(0.,1.,1.0009450773733),
 .UNSPECIFIED.);
#409=B_SPLINE_CURVE_WITH_KNOTS('',3,(#2107,#2108,#2109,#2110,#2111,#2112),
 .UNSPECIFIED.,.F.,.F.,(4,2,4),(0.,0.005,0.01),.UNSPECIFIED.);
#410=B_SPLINE_CURVE_WITH_KNOTS('',3,(#2134,#2135,#2136,#2137,#2138,#2139,
#2140,#2141,#2142,#2143),.UNSPECIFIED.,.F.,.F.,(4,3,3,4),(-0.00127992657692617,
1.69868242735904E-13,0.999999999999981,1.00155532661379),.UNSPECIFIED.);
#411=B_SPLINE_CURVE_WITH_KNOTS('',3,(#2145,#2146,#2147,#2148,#2149,#2150,
#2151,#2152,#2153,#2154),.UNSPECIFIED.,.F.,.F.,(4,3,3,4),(-0.00127992657691901,
1.52978541292925E-13,0.999999999999986,1.00155532661386),.UNSPECIFIED.);
#412=B_SPLINE_CURVE_WITH_KNOTS('',3,(#2155,#2156,#2157,#2158,#2159,#2160),
 .UNSPECIFIED.,.F.,.F.,(4,2,4),(-0.01,-0.005,0.),.UNSPECIFIED.);
#413=B_SPLINE_CURVE_WITH_KNOTS('',3,(#2176,#2177,#2178,#2179,#2180,#2181,
#2182),.UNSPECIFIED.,.F.,.F.,(4,3,4),(-0.00154661625108628,2.49686122472115E-13,
0.99880375987708),.UNSPECIFIED.);
#414=B_SPLINE_CURVE_WITH_KNOTS('',3,(#2184,#2185,#2186,#2187,#2188,#2189,
#2190),.UNSPECIFIED.,.F.,.F.,(4,3,4),(-0.00154661625101747,2.04860867852874E-13,
0.998803759877177),.UNSPECIFIED.);
#415=B_SPLINE_CURVE_WITH_KNOTS('',3,(#2191,#2192,#2193,#2194,#2195,#2196),
 .UNSPECIFIED.,.F.,.F.,(4,2,4),(-0.01,-0.005,0.),.UNSPECIFIED.);
#416=B_SPLINE_CURVE_WITH_KNOTS('',3,(#2206,#2207,#2208,#2209),
 .UNSPECIFIED.,.F.,.F.,(4,4),(0.000915780144494338,1.),.UNSPECIFIED.);
#417=B_SPLINE_CURVE_WITH_KNOTS('',3,(#2211,#2212,#2213,#2214),
 .UNSPECIFIED.,.F.,.F.,(4,4),(0.000915780144570124,1.),.UNSPECIFIED.);
#418=B_SPLINE_CURVE_WITH_KNOTS('',3,(#2225,#2226,#2227,#2228),
 .UNSPECIFIED.,.F.,.F.,(4,4),(0.,0.999745077267238),.UNSPECIFIED.);
#419=B_SPLINE_CURVE_WITH_KNOTS('',3,(#2230,#2231,#2232,#2233),
 .UNSPECIFIED.,.F.,.F.,(4,4),(0.,0.999745077267336),.UNSPECIFIED.);
#420=B_SPLINE_CURVE_WITH_KNOTS('',3,(#2234,#2235,#2236,#2237,#2238,#2239),
 .UNSPECIFIED.,.F.,.F.,(4,2,4),(-0.01,-0.005,0.),.UNSPECIFIED.);
#421=B_SPLINE_CURVE_WITH_KNOTS('',3,(#2249,#2250,#2251,#2252),
 .UNSPECIFIED.,.F.,.F.,(4,4),(0.000252947877118603,1.),.UNSPECIFIED.);
#422=B_SPLINE_CURVE_WITH_KNOTS('',3,(#2254,#2255,#2256,#2257),
 .UNSPECIFIED.,.F.,.F.,(4,4),(0.000252947877215289,1.),.UNSPECIFIED.);
#423=B_SPLINE_CURVE_WITH_KNOTS('',3,(#2274,#2275,#2276,#2277,#2278,#2279,
#2280),.UNSPECIFIED.,.F.,.F.,(4,3,4),(0.,1.,1.00029801742068),
 .UNSPECIFIED.);
#424=B_SPLINE_CURVE_WITH_KNOTS('',3,(#2282,#2283,#2284,#2285,#2286,#2287,
#2288),.UNSPECIFIED.,.F.,.F.,(4,3,4),(0.,1.,1.00029801742074),
 .UNSPECIFIED.);
#425=B_SPLINE_CURVE_WITH_KNOTS('',3,(#2289,#2290,#2291,#2292,#2293,#2294),
 .UNSPECIFIED.,.F.,.F.,(4,2,4),(0.,0.005,0.01),.UNSPECIFIED.);
#426=B_SPLINE_CURVE_WITH_KNOTS('',3,(#2310,#2311,#2312,#2313,#2314,#2315,
#2316),.UNSPECIFIED.,.F.,.F.,(4,3,4),(-0.000298790085361954,0.,1.),
 .UNSPECIFIED.);
#427=B_SPLINE_CURVE_WITH_KNOTS('',3,(#2318,#2319,#2320,#2321,#2322,#2323,
#2324),.UNSPECIFIED.,.F.,.F.,(4,3,4),(-0.000298790085341192,0.,1.),
 .UNSPECIFIED.);
#428=B_SPLINE_CURVE_WITH_KNOTS('',3,(#2341,#2342,#2343,#2344,#2345,#2346,
#2347),.UNSPECIFIED.,.F.,.F.,(4,3,4),(0.,1.,1.00030106777957),
 .UNSPECIFIED.);
#429=B_SPLINE_CURVE_WITH_KNOTS('',3,(#2349,#2350,#2351,#2352,#2353,#2354,
#2355),.UNSPECIFIED.,.F.,.F.,(4,3,4),(0.,1.,1.00030106777972),
 .UNSPECIFIED.);
#430=B_SPLINE_CURVE_WITH_KNOTS('',3,(#2356,#2357,#2358,#2359,#2360,#2361),
 .UNSPECIFIED.,.F.,.F.,(4,2,4),(0.,0.005,0.01),.UNSPECIFIED.);
#431=B_SPLINE_CURVE_WITH_KNOTS('',3,(#2376,#2377,#2378,#2379,#2380,#2381,
#2382),.UNSPECIFIED.,.F.,.F.,(4,3,4),(-0.000300289259144906,0.,1.),
 .UNSPECIFIED.);
#432=B_SPLINE_CURVE_WITH_KNOTS('',3,(#2383,#2384,#2385,#2386,#2387,#2388,
#2389),.UNSPECIFIED.,.F.,.F.,(4,3,4),(-0.000300289259325538,0.,1.),
 .UNSPECIFIED.);
#433=VERTEX_POINT('',#1446);
#434=VERTEX_POINT('',#1447);
#435=VERTEX_POINT('',#1455);
#436=VERTEX_POINT('',#1460);
#437=VERTEX_POINT('',#1473);
#438=VERTEX_POINT('',#1475);
#439=VERTEX_POINT('',#1479);
#440=VERTEX_POINT('',#1480);
#441=VERTEX_POINT('',#1482);
#442=VERTEX_POINT('',#1484);
#443=VERTEX_POINT('',#1488);
#444=VERTEX_POINT('',#1490);
#445=VERTEX_POINT('',#1494);
#446=VERTEX_POINT('',#1502);
#447=VERTEX_POINT('',#1513);
#448=VERTEX_POINT('',#1521);
#449=VERTEX_POINT('',#1526);
#450=VERTEX_POINT('',#1531);
#451=VERTEX_POINT('',#1540);
#452=VERTEX_POINT('',#1542);
#453=VERTEX_POINT('',#1544);
#454=VERTEX_POINT('',#1547);
#455=VERTEX_POINT('',#1548);
#456=VERTEX_POINT('',#1550);
#457=VERTEX_POINT('',#1555);
#458=VERTEX_POINT('',#1560);
#459=VERTEX_POINT('',#1565);
#460=VERTEX_POINT('',#1570);
#461=VERTEX_POINT('',#1575);
#462=VERTEX_POINT('',#1580);
#463=VERTEX_POINT('',#1582);
#464=VERTEX_POINT('',#1584);
#465=VERTEX_POINT('',#1588);
#466=VERTEX_POINT('',#1589);
#467=VERTEX_POINT('',#1594);
#468=VERTEX_POINT('',#1598);
#469=VERTEX_POINT('',#1599);
#470=VERTEX_POINT('',#1606);
#471=VERTEX_POINT('',#1610);
#472=VERTEX_POINT('',#1614);
#473=VERTEX_POINT('',#1618);
#474=VERTEX_POINT('',#1629);
#475=VERTEX_POINT('',#1643);
#476=VERTEX_POINT('',#1662);
#477=VERTEX_POINT('',#1676);
#478=VERTEX_POINT('',#1690);
#479=VERTEX_POINT('',#1723);
#480=VERTEX_POINT('',#1742);
#481=VERTEX_POINT('',#1761);
#482=VERTEX_POINT('',#1775);
#483=VERTEX_POINT('',#1795);
#484=VERTEX_POINT('',#1829);
#485=VERTEX_POINT('',#1869);
#486=VERTEX_POINT('',#1870);
#487=VERTEX_POINT('',#1872);
#488=VERTEX_POINT('',#1874);
#489=VERTEX_POINT('',#1878);
#490=VERTEX_POINT('',#1880);
#491=VERTEX_POINT('',#1884);
#492=VERTEX_POINT('',#1886);
#493=VERTEX_POINT('',#1888);
#494=VERTEX_POINT('',#1890);
#495=VERTEX_POINT('',#1892);
#496=VERTEX_POINT('',#1894);
#497=VERTEX_POINT('',#1896);
#498=VERTEX_POINT('',#1898);
#499=VERTEX_POINT('',#1900);
#500=VERTEX_POINT('',#1902);
#501=VERTEX_POINT('',#1904);
#502=VERTEX_POINT('',#1908);
#503=VERTEX_POINT('',#1909);
#504=VERTEX_POINT('',#1914);
#505=VERTEX_POINT('',#1919);
#506=VERTEX_POINT('',#1921);
#507=VERTEX_POINT('',#1923);
#508=VERTEX_POINT('',#1925);
#509=VERTEX_POINT('',#1927);
#510=VERTEX_POINT('',#1929);
#511=VERTEX_POINT('',#1931);
#512=VERTEX_POINT('',#1933);
#513=VERTEX_POINT('',#1960);
#514=VERTEX_POINT('',#1961);
#515=VERTEX_POINT('',#1965);
#516=VERTEX_POINT('',#1967);
#517=VERTEX_POINT('',#1978);
#518=VERTEX_POINT('',#1982);
#519=VERTEX_POINT('',#1993);
#520=VERTEX_POINT('',#1997);
#521=VERTEX_POINT('',#2008);
#522=VERTEX_POINT('',#2012);
#523=VERTEX_POINT('',#2023);
#524=VERTEX_POINT('',#2027);
#525=VERTEX_POINT('',#2038);
#526=VERTEX_POINT('',#2042);
#527=VERTEX_POINT('',#2053);
#528=VERTEX_POINT('',#2057);
#529=VERTEX_POINT('',#2088);
#530=VERTEX_POINT('',#2089);
#531=VERTEX_POINT('',#2097);
#532=VERTEX_POINT('',#2099);
#533=VERTEX_POINT('',#2133);
#534=VERTEX_POINT('',#2144);
#535=VERTEX_POINT('',#2175);
#536=VERTEX_POINT('',#2183);
#537=VERTEX_POINT('',#2205);
#538=VERTEX_POINT('',#2210);
#539=VERTEX_POINT('',#2224);
#540=VERTEX_POINT('',#2229);
#541=VERTEX_POINT('',#2248);
#542=VERTEX_POINT('',#2253);
#543=VERTEX_POINT('',#2273);
#544=VERTEX_POINT('',#2281);
#545=VERTEX_POINT('',#2309);
#546=VERTEX_POINT('',#2317);
#547=VERTEX_POINT('',#2340);
#548=VERTEX_POINT('',#2348);
#549=EDGE_CURVE('',#433,#434,#355,.F.);
#550=EDGE_CURVE('',#433,#435,#356,.T.);
#551=EDGE_CURVE('',#435,#436,#357,.T.);
#552=EDGE_CURVE('',#436,#434,#358,.T.);
#553=EDGE_CURVE('',#437,#436,#59,.F.);
#554=EDGE_CURVE('',#438,#437,#60,.T.);
#555=EDGE_CURVE('',#434,#438,#61,.T.);
#556=EDGE_CURVE('',#439,#440,#23,.T.);
#557=EDGE_CURVE('',#440,#441,#62,.T.);
#558=EDGE_CURVE('',#441,#442,#24,.F.);
#559=EDGE_CURVE('',#442,#439,#63,.T.);
#560=EDGE_CURVE('',#443,#440,#64,.F.);
#561=EDGE_CURVE('',#444,#443,#65,.T.);
#562=EDGE_CURVE('',#441,#444,#66,.T.);
#563=EDGE_CURVE('',#435,#445,#359,.F.);
#564=EDGE_CURVE('',#445,#446,#360,.F.);
#565=EDGE_CURVE('',#446,#447,#361,.F.);
#566=EDGE_CURVE('',#447,#448,#362,.F.);
#567=EDGE_CURVE('',#448,#449,#363,.F.);
#568=EDGE_CURVE('',#449,#450,#364,.F.);
#569=EDGE_CURVE('',#450,#443,#365,.F.);
#570=EDGE_CURVE('',#439,#451,#67,.F.);
#571=EDGE_CURVE('',#452,#451,#25,.T.);
#572=EDGE_CURVE('',#452,#453,#68,.F.);
#573=EDGE_CURVE('',#437,#453,#26,.T.);
#574=EDGE_CURVE('',#454,#455,#69,.F.);
#575=EDGE_CURVE('',#455,#456,#366,.F.);
#576=EDGE_CURVE('',#456,#457,#367,.F.);
#577=EDGE_CURVE('',#457,#458,#368,.F.);
#578=EDGE_CURVE('',#458,#459,#369,.F.);
#579=EDGE_CURVE('',#459,#460,#370,.F.);
#580=EDGE_CURVE('',#460,#461,#371,.F.);
#581=EDGE_CURVE('',#461,#462,#70,.F.);
#582=EDGE_CURVE('',#463,#462,#27,.T.);
#583=EDGE_CURVE('',#463,#464,#71,.F.);
#584=EDGE_CURVE('',#454,#464,#28,.T.);
#585=EDGE_CURVE('',#465,#466,#29,.F.);
#586=EDGE_CURVE('',#466,#454,#72,.T.);
#587=EDGE_CURVE('',#464,#465,#73,.T.);
#588=EDGE_CURVE('',#467,#466,#74,.T.);
#589=EDGE_CURVE('',#467,#455,#75,.T.);
#590=EDGE_CURVE('',#468,#469,#30,.F.);
#591=EDGE_CURVE('',#469,#463,#76,.T.);
#592=EDGE_CURVE('',#462,#468,#77,.T.);
#593=EDGE_CURVE('',#465,#469,#78,.T.);
#594=EDGE_CURVE('',#453,#470,#79,.T.);
#595=EDGE_CURVE('',#470,#438,#31,.F.);
#596=EDGE_CURVE('',#471,#452,#80,.T.);
#597=EDGE_CURVE('',#470,#471,#81,.T.);
#598=EDGE_CURVE('',#451,#472,#82,.T.);
#599=EDGE_CURVE('',#472,#471,#32,.F.);
#600=EDGE_CURVE('',#473,#461,#83,.T.);
#601=EDGE_CURVE('',#468,#473,#84,.T.);
#602=EDGE_CURVE('',#473,#474,#372,.T.);
#603=EDGE_CURVE('',#474,#460,#85,.T.);
#604=EDGE_CURVE('',#474,#475,#373,.T.);
#605=EDGE_CURVE('',#475,#459,#374,.T.);
#606=EDGE_CURVE('',#475,#476,#375,.T.);
#607=EDGE_CURVE('',#476,#458,#86,.T.);
#608=EDGE_CURVE('',#476,#477,#376,.T.);
#609=EDGE_CURVE('',#477,#457,#87,.T.);
#610=EDGE_CURVE('',#477,#478,#377,.T.);
#611=EDGE_CURVE('',#478,#456,#378,.T.);
#612=EDGE_CURVE('',#478,#467,#379,.T.);
#613=EDGE_CURVE('',#472,#442,#88,.T.);
#614=EDGE_CURVE('',#444,#479,#380,.T.);
#615=EDGE_CURVE('',#479,#450,#381,.T.);
#616=EDGE_CURVE('',#479,#480,#382,.T.);
#617=EDGE_CURVE('',#480,#449,#383,.T.);
#618=EDGE_CURVE('',#480,#481,#384,.T.);
#619=EDGE_CURVE('',#481,#448,#89,.T.);
#620=EDGE_CURVE('',#481,#482,#385,.T.);
#621=EDGE_CURVE('',#482,#447,#90,.T.);
#622=EDGE_CURVE('',#482,#483,#386,.T.);
#623=EDGE_CURVE('',#483,#446,#387,.F.);
#624=EDGE_CURVE('',#483,#484,#388,.T.);
#625=EDGE_CURVE('',#484,#445,#389,.T.);
#626=EDGE_CURVE('',#484,#433,#390,.T.);
#627=EDGE_CURVE('',#485,#486,#33,.T.);
#628=EDGE_CURVE('',#486,#487,#91,.T.);
#629=EDGE_CURVE('',#487,#488,#34,.T.);
#630=EDGE_CURVE('',#488,#485,#92,.T.);
#631=EDGE_CURVE('',#489,#488,#93,.T.);
#632=EDGE_CURVE('',#490,#489,#94,.T.);
#633=EDGE_CURVE('',#485,#490,#95,.T.);
#634=EDGE_CURVE('',#487,#491,#96,.T.);
#635=EDGE_CURVE('',#492,#491,#35,.F.);
#636=EDGE_CURVE('',#492,#493,#97,.T.);
#637=EDGE_CURVE('',#494,#493,#36,.F.);
#638=EDGE_CURVE('',#494,#495,#98,.T.);
#639=EDGE_CURVE('',#496,#495,#37,.F.);
#640=EDGE_CURVE('',#496,#497,#99,.T.);
#641=EDGE_CURVE('',#498,#497,#38,.F.);
#642=EDGE_CURVE('',#498,#499,#100,.T.);
#643=EDGE_CURVE('',#500,#499,#39,.T.);
#644=EDGE_CURVE('',#500,#501,#101,.T.);
#645=EDGE_CURVE('',#489,#501,#40,.T.);
#646=EDGE_CURVE('',#502,#503,#41,.T.);
#647=EDGE_CURVE('',#503,#500,#102,.T.);
#648=EDGE_CURVE('',#499,#502,#103,.T.);
#649=EDGE_CURVE('',#504,#503,#104,.T.);
#650=EDGE_CURVE('',#501,#504,#105,.T.);
#651=EDGE_CURVE('',#504,#490,#42,.T.);
#652=EDGE_CURVE('',#502,#505,#106,.F.);
#653=EDGE_CURVE('',#506,#505,#43,.T.);
#654=EDGE_CURVE('',#506,#507,#107,.F.);
#655=EDGE_CURVE('',#508,#507,#44,.T.);
#656=EDGE_CURVE('',#508,#509,#108,.F.);
#657=EDGE_CURVE('',#510,#509,#45,.T.);
#658=EDGE_CURVE('',#510,#511,#109,.F.);
#659=EDGE_CURVE('',#512,#511,#46,.T.);
#660=EDGE_CURVE('',#512,#486,#110,.F.);
#661=EDGE_CURVE('',#505,#498,#111,.T.);
#662=EDGE_CURVE('',#497,#506,#112,.T.);
#663=EDGE_CURVE('',#491,#512,#113,.T.);
#664=EDGE_CURVE('',#511,#492,#114,.T.);
#665=EDGE_CURVE('',#507,#496,#115,.T.);
#666=EDGE_CURVE('',#495,#508,#116,.T.);
#667=EDGE_CURVE('',#509,#494,#117,.T.);
#668=EDGE_CURVE('',#493,#510,#118,.T.);
#669=EDGE_CURVE('',#513,#514,#391,.T.);
#670=EDGE_CURVE('',#513,#515,#119,.T.);
#671=EDGE_CURVE('',#516,#515,#392,.T.);
#672=EDGE_CURVE('',#514,#516,#120,.T.);
#673=EDGE_CURVE('',#514,#517,#393,.T.);
#674=EDGE_CURVE('',#518,#516,#394,.T.);
#675=EDGE_CURVE('',#517,#518,#121,.T.);
#676=EDGE_CURVE('',#517,#519,#395,.T.);
#677=EDGE_CURVE('',#520,#518,#396,.T.);
#678=EDGE_CURVE('',#519,#520,#122,.T.);
#679=EDGE_CURVE('',#519,#521,#397,.T.);
#680=EDGE_CURVE('',#522,#520,#398,.T.);
#681=EDGE_CURVE('',#521,#522,#123,.T.);
#682=EDGE_CURVE('',#521,#523,#399,.T.);
#683=EDGE_CURVE('',#524,#522,#400,.T.);
#684=EDGE_CURVE('',#523,#524,#124,.T.);
#685=EDGE_CURVE('',#523,#525,#401,.T.);
#686=EDGE_CURVE('',#526,#524,#402,.T.);
#687=EDGE_CURVE('',#525,#526,#125,.T.);
#688=EDGE_CURVE('',#525,#527,#403,.T.);
#689=EDGE_CURVE('',#528,#526,#404,.T.);
#690=EDGE_CURVE('',#527,#528,#126,.T.);
#691=EDGE_CURVE('',#527,#513,#405,.T.);
#692=EDGE_CURVE('',#515,#528,#406,.T.);
#693=EDGE_CURVE('',#529,#530,#407,.T.);
#694=EDGE_CURVE('',#529,#531,#127,.T.);
#695=EDGE_CURVE('',#532,#531,#408,.F.);
#696=EDGE_CURVE('',#530,#532,#409,.F.);
#697=EDGE_CURVE('',#530,#533,#410,.T.);
#698=EDGE_CURVE('',#534,#532,#411,.F.);
#699=EDGE_CURVE('',#533,#534,#412,.F.);
#700=EDGE_CURVE('',#533,#535,#413,.T.);
#701=EDGE_CURVE('',#536,#534,#414,.F.);
#702=EDGE_CURVE('',#535,#536,#415,.F.);
#703=EDGE_CURVE('',#535,#537,#416,.T.);
#704=EDGE_CURVE('',#538,#536,#417,.F.);
#705=EDGE_CURVE('',#537,#538,#128,.T.);
#706=EDGE_CURVE('',#537,#539,#418,.T.);
#707=EDGE_CURVE('',#540,#538,#419,.F.);
#708=EDGE_CURVE('',#539,#540,#420,.F.);
#709=EDGE_CURVE('',#539,#541,#421,.T.);
#710=EDGE_CURVE('',#542,#540,#422,.F.);
#711=EDGE_CURVE('',#541,#542,#129,.T.);
#712=EDGE_CURVE('',#541,#543,#423,.T.);
#713=EDGE_CURVE('',#544,#542,#424,.F.);
#714=EDGE_CURVE('',#543,#544,#425,.T.);
#715=EDGE_CURVE('',#543,#545,#426,.T.);
#716=EDGE_CURVE('',#546,#544,#427,.F.);
#717=EDGE_CURVE('',#545,#546,#130,.T.);
#718=EDGE_CURVE('',#545,#547,#428,.T.);
#719=EDGE_CURVE('',#548,#546,#429,.F.);
#720=EDGE_CURVE('',#547,#548,#430,.F.);
#721=EDGE_CURVE('',#547,#529,#431,.T.);
#722=EDGE_CURVE('',#531,#548,#432,.F.);
#723=ORIENTED_EDGE('',*,*,#549,.F.);
#724=ORIENTED_EDGE('',*,*,#550,.T.);
#725=ORIENTED_EDGE('',*,*,#551,.T.);
#726=ORIENTED_EDGE('',*,*,#552,.T.);
#727=ORIENTED_EDGE('',*,*,#552,.F.);
#728=ORIENTED_EDGE('',*,*,#553,.F.);
#729=ORIENTED_EDGE('',*,*,#554,.F.);
#730=ORIENTED_EDGE('',*,*,#555,.F.);
#731=ORIENTED_EDGE('',*,*,#556,.T.);
#732=ORIENTED_EDGE('',*,*,#557,.T.);
#733=ORIENTED_EDGE('',*,*,#558,.T.);
#734=ORIENTED_EDGE('',*,*,#559,.T.);
#735=ORIENTED_EDGE('',*,*,#557,.F.);
#736=ORIENTED_EDGE('',*,*,#560,.F.);
#737=ORIENTED_EDGE('',*,*,#561,.F.);
#738=ORIENTED_EDGE('',*,*,#562,.F.);
#739=ORIENTED_EDGE('',*,*,#553,.T.);
#740=ORIENTED_EDGE('',*,*,#551,.F.);
#741=ORIENTED_EDGE('',*,*,#563,.T.);
#742=ORIENTED_EDGE('',*,*,#564,.T.);
#743=ORIENTED_EDGE('',*,*,#565,.T.);
#744=ORIENTED_EDGE('',*,*,#566,.T.);
#745=ORIENTED_EDGE('',*,*,#567,.T.);
#746=ORIENTED_EDGE('',*,*,#568,.T.);
#747=ORIENTED_EDGE('',*,*,#569,.T.);
#748=ORIENTED_EDGE('',*,*,#560,.T.);
#749=ORIENTED_EDGE('',*,*,#556,.F.);
#750=ORIENTED_EDGE('',*,*,#570,.T.);
#751=ORIENTED_EDGE('',*,*,#571,.F.);
#752=ORIENTED_EDGE('',*,*,#572,.T.);
#753=ORIENTED_EDGE('',*,*,#573,.F.);
#754=ORIENTED_EDGE('',*,*,#574,.T.);
#755=ORIENTED_EDGE('',*,*,#575,.T.);
#756=ORIENTED_EDGE('',*,*,#576,.T.);
#757=ORIENTED_EDGE('',*,*,#577,.T.);
#758=ORIENTED_EDGE('',*,*,#578,.T.);
#759=ORIENTED_EDGE('',*,*,#579,.T.);
#760=ORIENTED_EDGE('',*,*,#580,.T.);
#761=ORIENTED_EDGE('',*,*,#581,.T.);
#762=ORIENTED_EDGE('',*,*,#582,.F.);
#763=ORIENTED_EDGE('',*,*,#583,.T.);
#764=ORIENTED_EDGE('',*,*,#584,.F.);
#765=ORIENTED_EDGE('',*,*,#585,.T.);
#766=ORIENTED_EDGE('',*,*,#586,.T.);
#767=ORIENTED_EDGE('',*,*,#584,.T.);
#768=ORIENTED_EDGE('',*,*,#587,.T.);
#769=ORIENTED_EDGE('',*,*,#586,.F.);
#770=ORIENTED_EDGE('',*,*,#588,.F.);
#771=ORIENTED_EDGE('',*,*,#589,.T.);
#772=ORIENTED_EDGE('',*,*,#574,.F.);
#773=ORIENTED_EDGE('',*,*,#590,.T.);
#774=ORIENTED_EDGE('',*,*,#591,.T.);
#775=ORIENTED_EDGE('',*,*,#582,.T.);
#776=ORIENTED_EDGE('',*,*,#592,.T.);
#777=ORIENTED_EDGE('',*,*,#587,.F.);
#778=ORIENTED_EDGE('',*,*,#583,.F.);
#779=ORIENTED_EDGE('',*,*,#591,.F.);
#780=ORIENTED_EDGE('',*,*,#593,.F.);
#781=ORIENTED_EDGE('',*,*,#573,.T.);
#782=ORIENTED_EDGE('',*,*,#594,.T.);
#783=ORIENTED_EDGE('',*,*,#595,.T.);
#784=ORIENTED_EDGE('',*,*,#554,.T.);
#785=ORIENTED_EDGE('',*,*,#594,.F.);
#786=ORIENTED_EDGE('',*,*,#572,.F.);
#787=ORIENTED_EDGE('',*,*,#596,.F.);
#788=ORIENTED_EDGE('',*,*,#597,.F.);
#789=ORIENTED_EDGE('',*,*,#571,.T.);
#790=ORIENTED_EDGE('',*,*,#598,.T.);
#791=ORIENTED_EDGE('',*,*,#599,.T.);
#792=ORIENTED_EDGE('',*,*,#596,.T.);
#793=ORIENTED_EDGE('',*,*,#592,.F.);
#794=ORIENTED_EDGE('',*,*,#581,.F.);
#795=ORIENTED_EDGE('',*,*,#600,.F.);
#796=ORIENTED_EDGE('',*,*,#601,.F.);
#797=ORIENTED_EDGE('',*,*,#602,.F.);
#798=ORIENTED_EDGE('',*,*,#600,.T.);
#799=ORIENTED_EDGE('',*,*,#580,.F.);
#800=ORIENTED_EDGE('',*,*,#603,.F.);
#801=ORIENTED_EDGE('',*,*,#604,.F.);
#802=ORIENTED_EDGE('',*,*,#603,.T.);
#803=ORIENTED_EDGE('',*,*,#579,.F.);
#804=ORIENTED_EDGE('',*,*,#605,.F.);
#805=ORIENTED_EDGE('',*,*,#606,.F.);
#806=ORIENTED_EDGE('',*,*,#605,.T.);
#807=ORIENTED_EDGE('',*,*,#578,.F.);
#808=ORIENTED_EDGE('',*,*,#607,.F.);
#809=ORIENTED_EDGE('',*,*,#608,.F.);
#810=ORIENTED_EDGE('',*,*,#607,.T.);
#811=ORIENTED_EDGE('',*,*,#577,.F.);
#812=ORIENTED_EDGE('',*,*,#609,.F.);
#813=ORIENTED_EDGE('',*,*,#610,.F.);
#814=ORIENTED_EDGE('',*,*,#609,.T.);
#815=ORIENTED_EDGE('',*,*,#576,.F.);
#816=ORIENTED_EDGE('',*,*,#611,.F.);
#817=ORIENTED_EDGE('',*,*,#612,.F.);
#818=ORIENTED_EDGE('',*,*,#611,.T.);
#819=ORIENTED_EDGE('',*,*,#575,.F.);
#820=ORIENTED_EDGE('',*,*,#589,.F.);
#821=ORIENTED_EDGE('',*,*,#559,.F.);
#822=ORIENTED_EDGE('',*,*,#613,.F.);
#823=ORIENTED_EDGE('',*,*,#598,.F.);
#824=ORIENTED_EDGE('',*,*,#570,.F.);
#825=ORIENTED_EDGE('',*,*,#614,.F.);
#826=ORIENTED_EDGE('',*,*,#561,.T.);
#827=ORIENTED_EDGE('',*,*,#569,.F.);
#828=ORIENTED_EDGE('',*,*,#615,.F.);
#829=ORIENTED_EDGE('',*,*,#616,.F.);
#830=ORIENTED_EDGE('',*,*,#615,.T.);
#831=ORIENTED_EDGE('',*,*,#568,.F.);
#832=ORIENTED_EDGE('',*,*,#617,.F.);
#833=ORIENTED_EDGE('',*,*,#618,.F.);
#834=ORIENTED_EDGE('',*,*,#617,.T.);
#835=ORIENTED_EDGE('',*,*,#567,.F.);
#836=ORIENTED_EDGE('',*,*,#619,.F.);
#837=ORIENTED_EDGE('',*,*,#620,.F.);
#838=ORIENTED_EDGE('',*,*,#619,.T.);
#839=ORIENTED_EDGE('',*,*,#566,.F.);
#840=ORIENTED_EDGE('',*,*,#621,.F.);
#841=ORIENTED_EDGE('',*,*,#622,.F.);
#842=ORIENTED_EDGE('',*,*,#621,.T.);
#843=ORIENTED_EDGE('',*,*,#565,.F.);
#844=ORIENTED_EDGE('',*,*,#623,.F.);
#845=ORIENTED_EDGE('',*,*,#624,.F.);
#846=ORIENTED_EDGE('',*,*,#623,.T.);
#847=ORIENTED_EDGE('',*,*,#564,.F.);
#848=ORIENTED_EDGE('',*,*,#625,.F.);
#849=ORIENTED_EDGE('',*,*,#550,.F.);
#850=ORIENTED_EDGE('',*,*,#626,.F.);
#851=ORIENTED_EDGE('',*,*,#625,.T.);
#852=ORIENTED_EDGE('',*,*,#563,.F.);
#853=ORIENTED_EDGE('',*,*,#555,.T.);
#854=ORIENTED_EDGE('',*,*,#595,.F.);
#855=ORIENTED_EDGE('',*,*,#597,.T.);
#856=ORIENTED_EDGE('',*,*,#599,.F.);
#857=ORIENTED_EDGE('',*,*,#613,.T.);
#858=ORIENTED_EDGE('',*,*,#558,.F.);
#859=ORIENTED_EDGE('',*,*,#562,.T.);
#860=ORIENTED_EDGE('',*,*,#614,.T.);
#861=ORIENTED_EDGE('',*,*,#616,.T.);
#862=ORIENTED_EDGE('',*,*,#618,.T.);
#863=ORIENTED_EDGE('',*,*,#620,.T.);
#864=ORIENTED_EDGE('',*,*,#622,.T.);
#865=ORIENTED_EDGE('',*,*,#624,.T.);
#866=ORIENTED_EDGE('',*,*,#626,.T.);
#867=ORIENTED_EDGE('',*,*,#549,.T.);
#868=ORIENTED_EDGE('',*,*,#588,.T.);
#869=ORIENTED_EDGE('',*,*,#585,.F.);
#870=ORIENTED_EDGE('',*,*,#593,.T.);
#871=ORIENTED_EDGE('',*,*,#590,.F.);
#872=ORIENTED_EDGE('',*,*,#601,.T.);
#873=ORIENTED_EDGE('',*,*,#602,.T.);
#874=ORIENTED_EDGE('',*,*,#604,.T.);
#875=ORIENTED_EDGE('',*,*,#606,.T.);
#876=ORIENTED_EDGE('',*,*,#608,.T.);
#877=ORIENTED_EDGE('',*,*,#610,.T.);
#878=ORIENTED_EDGE('',*,*,#612,.T.);
#879=ORIENTED_EDGE('',*,*,#627,.T.);
#880=ORIENTED_EDGE('',*,*,#628,.T.);
#881=ORIENTED_EDGE('',*,*,#629,.T.);
#882=ORIENTED_EDGE('',*,*,#630,.T.);
#883=ORIENTED_EDGE('',*,*,#630,.F.);
#884=ORIENTED_EDGE('',*,*,#631,.F.);
#885=ORIENTED_EDGE('',*,*,#632,.F.);
#886=ORIENTED_EDGE('',*,*,#633,.F.);
#887=ORIENTED_EDGE('',*,*,#629,.F.);
#888=ORIENTED_EDGE('',*,*,#634,.T.);
#889=ORIENTED_EDGE('',*,*,#635,.F.);
#890=ORIENTED_EDGE('',*,*,#636,.T.);
#891=ORIENTED_EDGE('',*,*,#637,.F.);
#892=ORIENTED_EDGE('',*,*,#638,.T.);
#893=ORIENTED_EDGE('',*,*,#639,.F.);
#894=ORIENTED_EDGE('',*,*,#640,.T.);
#895=ORIENTED_EDGE('',*,*,#641,.F.);
#896=ORIENTED_EDGE('',*,*,#642,.T.);
#897=ORIENTED_EDGE('',*,*,#643,.F.);
#898=ORIENTED_EDGE('',*,*,#644,.T.);
#899=ORIENTED_EDGE('',*,*,#645,.F.);
#900=ORIENTED_EDGE('',*,*,#631,.T.);
#901=ORIENTED_EDGE('',*,*,#646,.T.);
#902=ORIENTED_EDGE('',*,*,#647,.T.);
#903=ORIENTED_EDGE('',*,*,#643,.T.);
#904=ORIENTED_EDGE('',*,*,#648,.T.);
#905=ORIENTED_EDGE('',*,*,#647,.F.);
#906=ORIENTED_EDGE('',*,*,#649,.F.);
#907=ORIENTED_EDGE('',*,*,#650,.F.);
#908=ORIENTED_EDGE('',*,*,#644,.F.);
#909=ORIENTED_EDGE('',*,*,#627,.F.);
#910=ORIENTED_EDGE('',*,*,#633,.T.);
#911=ORIENTED_EDGE('',*,*,#651,.F.);
#912=ORIENTED_EDGE('',*,*,#649,.T.);
#913=ORIENTED_EDGE('',*,*,#646,.F.);
#914=ORIENTED_EDGE('',*,*,#652,.T.);
#915=ORIENTED_EDGE('',*,*,#653,.F.);
#916=ORIENTED_EDGE('',*,*,#654,.T.);
#917=ORIENTED_EDGE('',*,*,#655,.F.);
#918=ORIENTED_EDGE('',*,*,#656,.T.);
#919=ORIENTED_EDGE('',*,*,#657,.F.);
#920=ORIENTED_EDGE('',*,*,#658,.T.);
#921=ORIENTED_EDGE('',*,*,#659,.F.);
#922=ORIENTED_EDGE('',*,*,#660,.T.);
#923=ORIENTED_EDGE('',*,*,#645,.T.);
#924=ORIENTED_EDGE('',*,*,#650,.T.);
#925=ORIENTED_EDGE('',*,*,#651,.T.);
#926=ORIENTED_EDGE('',*,*,#632,.T.);
#927=ORIENTED_EDGE('',*,*,#653,.T.);
#928=ORIENTED_EDGE('',*,*,#661,.T.);
#929=ORIENTED_EDGE('',*,*,#641,.T.);
#930=ORIENTED_EDGE('',*,*,#662,.T.);
#931=ORIENTED_EDGE('',*,*,#648,.F.);
#932=ORIENTED_EDGE('',*,*,#642,.F.);
#933=ORIENTED_EDGE('',*,*,#661,.F.);
#934=ORIENTED_EDGE('',*,*,#652,.F.);
#935=ORIENTED_EDGE('',*,*,#628,.F.);
#936=ORIENTED_EDGE('',*,*,#660,.F.);
#937=ORIENTED_EDGE('',*,*,#663,.F.);
#938=ORIENTED_EDGE('',*,*,#634,.F.);
#939=ORIENTED_EDGE('',*,*,#659,.T.);
#940=ORIENTED_EDGE('',*,*,#664,.T.);
#941=ORIENTED_EDGE('',*,*,#635,.T.);
#942=ORIENTED_EDGE('',*,*,#663,.T.);
#943=ORIENTED_EDGE('',*,*,#655,.T.);
#944=ORIENTED_EDGE('',*,*,#665,.T.);
#945=ORIENTED_EDGE('',*,*,#639,.T.);
#946=ORIENTED_EDGE('',*,*,#666,.T.);
#947=ORIENTED_EDGE('',*,*,#666,.F.);
#948=ORIENTED_EDGE('',*,*,#638,.F.);
#949=ORIENTED_EDGE('',*,*,#667,.F.);
#950=ORIENTED_EDGE('',*,*,#656,.F.);
#951=ORIENTED_EDGE('',*,*,#657,.T.);
#952=ORIENTED_EDGE('',*,*,#667,.T.);
#953=ORIENTED_EDGE('',*,*,#637,.T.);
#954=ORIENTED_EDGE('',*,*,#668,.T.);
#955=ORIENTED_EDGE('',*,*,#662,.F.);
#956=ORIENTED_EDGE('',*,*,#640,.F.);
#957=ORIENTED_EDGE('',*,*,#665,.F.);
#958=ORIENTED_EDGE('',*,*,#654,.F.);
#959=ORIENTED_EDGE('',*,*,#664,.F.);
#960=ORIENTED_EDGE('',*,*,#658,.F.);
#961=ORIENTED_EDGE('',*,*,#668,.F.);
#962=ORIENTED_EDGE('',*,*,#636,.F.);
#963=ORIENTED_EDGE('',*,*,#669,.F.);
#964=ORIENTED_EDGE('',*,*,#670,.T.);
#965=ORIENTED_EDGE('',*,*,#671,.F.);
#966=ORIENTED_EDGE('',*,*,#672,.F.);
#967=ORIENTED_EDGE('',*,*,#673,.F.);
#968=ORIENTED_EDGE('',*,*,#672,.T.);
#969=ORIENTED_EDGE('',*,*,#674,.F.);
#970=ORIENTED_EDGE('',*,*,#675,.F.);
#971=ORIENTED_EDGE('',*,*,#676,.F.);
#972=ORIENTED_EDGE('',*,*,#675,.T.);
#973=ORIENTED_EDGE('',*,*,#677,.F.);
#974=ORIENTED_EDGE('',*,*,#678,.F.);
#975=ORIENTED_EDGE('',*,*,#679,.F.);
#976=ORIENTED_EDGE('',*,*,#678,.T.);
#977=ORIENTED_EDGE('',*,*,#680,.F.);
#978=ORIENTED_EDGE('',*,*,#681,.F.);
#979=ORIENTED_EDGE('',*,*,#682,.F.);
#980=ORIENTED_EDGE('',*,*,#681,.T.);
#981=ORIENTED_EDGE('',*,*,#683,.F.);
#982=ORIENTED_EDGE('',*,*,#684,.F.);
#983=ORIENTED_EDGE('',*,*,#685,.F.);
#984=ORIENTED_EDGE('',*,*,#684,.T.);
#985=ORIENTED_EDGE('',*,*,#686,.F.);
#986=ORIENTED_EDGE('',*,*,#687,.F.);
#987=ORIENTED_EDGE('',*,*,#688,.F.);
#988=ORIENTED_EDGE('',*,*,#687,.T.);
#989=ORIENTED_EDGE('',*,*,#689,.F.);
#990=ORIENTED_EDGE('',*,*,#690,.F.);
#991=ORIENTED_EDGE('',*,*,#691,.F.);
#992=ORIENTED_EDGE('',*,*,#690,.T.);
#993=ORIENTED_EDGE('',*,*,#692,.F.);
#994=ORIENTED_EDGE('',*,*,#670,.F.);
#995=ORIENTED_EDGE('',*,*,#693,.F.);
#996=ORIENTED_EDGE('',*,*,#694,.T.);
#997=ORIENTED_EDGE('',*,*,#695,.F.);
#998=ORIENTED_EDGE('',*,*,#696,.F.);
#999=ORIENTED_EDGE('',*,*,#697,.F.);
#1000=ORIENTED_EDGE('',*,*,#696,.T.);
#1001=ORIENTED_EDGE('',*,*,#698,.F.);
#1002=ORIENTED_EDGE('',*,*,#699,.F.);
#1003=ORIENTED_EDGE('',*,*,#700,.F.);
#1004=ORIENTED_EDGE('',*,*,#699,.T.);
#1005=ORIENTED_EDGE('',*,*,#701,.F.);
#1006=ORIENTED_EDGE('',*,*,#702,.F.);
#1007=ORIENTED_EDGE('',*,*,#703,.F.);
#1008=ORIENTED_EDGE('',*,*,#702,.T.);
#1009=ORIENTED_EDGE('',*,*,#704,.F.);
#1010=ORIENTED_EDGE('',*,*,#705,.F.);
#1011=ORIENTED_EDGE('',*,*,#706,.F.);
#1012=ORIENTED_EDGE('',*,*,#705,.T.);
#1013=ORIENTED_EDGE('',*,*,#707,.F.);
#1014=ORIENTED_EDGE('',*,*,#708,.F.);
#1015=ORIENTED_EDGE('',*,*,#709,.F.);
#1016=ORIENTED_EDGE('',*,*,#708,.T.);
#1017=ORIENTED_EDGE('',*,*,#710,.F.);
#1018=ORIENTED_EDGE('',*,*,#711,.F.);
#1019=ORIENTED_EDGE('',*,*,#712,.F.);
#1020=ORIENTED_EDGE('',*,*,#711,.T.);
#1021=ORIENTED_EDGE('',*,*,#713,.F.);
#1022=ORIENTED_EDGE('',*,*,#714,.F.);
#1023=ORIENTED_EDGE('',*,*,#715,.F.);
#1024=ORIENTED_EDGE('',*,*,#714,.T.);
#1025=ORIENTED_EDGE('',*,*,#716,.F.);
#1026=ORIENTED_EDGE('',*,*,#717,.F.);
#1027=ORIENTED_EDGE('',*,*,#718,.F.);
#1028=ORIENTED_EDGE('',*,*,#717,.T.);
#1029=ORIENTED_EDGE('',*,*,#719,.F.);
#1030=ORIENTED_EDGE('',*,*,#720,.F.);
#1031=ORIENTED_EDGE('',*,*,#721,.F.);
#1032=ORIENTED_EDGE('',*,*,#720,.T.);
#1033=ORIENTED_EDGE('',*,*,#722,.F.);
#1034=ORIENTED_EDGE('',*,*,#694,.F.);
#1035=ORIENTED_EDGE('',*,*,#722,.T.);
#1036=ORIENTED_EDGE('',*,*,#719,.T.);
#1037=ORIENTED_EDGE('',*,*,#716,.T.);
#1038=ORIENTED_EDGE('',*,*,#713,.T.);
#1039=ORIENTED_EDGE('',*,*,#710,.T.);
#1040=ORIENTED_EDGE('',*,*,#707,.T.);
#1041=ORIENTED_EDGE('',*,*,#704,.T.);
#1042=ORIENTED_EDGE('',*,*,#701,.T.);
#1043=ORIENTED_EDGE('',*,*,#698,.T.);
#1044=ORIENTED_EDGE('',*,*,#695,.T.);
#1045=ORIENTED_EDGE('',*,*,#692,.T.);
#1046=ORIENTED_EDGE('',*,*,#689,.T.);
#1047=ORIENTED_EDGE('',*,*,#686,.T.);
#1048=ORIENTED_EDGE('',*,*,#683,.T.);
#1049=ORIENTED_EDGE('',*,*,#680,.T.);
#1050=ORIENTED_EDGE('',*,*,#677,.T.);
#1051=ORIENTED_EDGE('',*,*,#674,.T.);
#1052=ORIENTED_EDGE('',*,*,#671,.T.);
#1053=ORIENTED_EDGE('',*,*,#721,.T.);
#1054=ORIENTED_EDGE('',*,*,#693,.T.);
#1055=ORIENTED_EDGE('',*,*,#697,.T.);
#1056=ORIENTED_EDGE('',*,*,#700,.T.);
#1057=ORIENTED_EDGE('',*,*,#703,.T.);
#1058=ORIENTED_EDGE('',*,*,#706,.T.);
#1059=ORIENTED_EDGE('',*,*,#709,.T.);
#1060=ORIENTED_EDGE('',*,*,#712,.T.);
#1061=ORIENTED_EDGE('',*,*,#715,.T.);
#1062=ORIENTED_EDGE('',*,*,#718,.T.);
#1063=ORIENTED_EDGE('',*,*,#691,.T.);
#1064=ORIENTED_EDGE('',*,*,#669,.T.);
#1065=ORIENTED_EDGE('',*,*,#673,.T.);
#1066=ORIENTED_EDGE('',*,*,#676,.T.);
#1067=ORIENTED_EDGE('',*,*,#679,.T.);
#1068=ORIENTED_EDGE('',*,*,#682,.T.);
#1069=ORIENTED_EDGE('',*,*,#685,.T.);
#1070=ORIENTED_EDGE('',*,*,#688,.T.);
#1071=B_SPLINE_SURFACE_WITH_KNOTS('',3,3,((#1426,#1427,#1428,#1429),(#1430,
#1431,#1432,#1433),(#1434,#1435,#1436,#1437),(#1438,#1439,#1440,#1441),
(#1442,#1443,#1444,#1445)),.UNSPECIFIED.,.F.,.F.,.F.,(4,1,4),(4,4),(0.,
0.571428571428571,1.),(-0.01,2.71050543121376E-19),.UNSPECIFIED.);
#1072=B_SPLINE_SURFACE_WITH_KNOTS('',3,1,((#1621,#1622),(#1623,#1624),(#1625,
#1626),(#1627,#1628)),.UNSPECIFIED.,.F.,.F.,.F.,(4,4),(2,2),(-1.,0.),(0.,
0.01),.UNSPECIFIED.);
#1073=B_SPLINE_SURFACE_WITH_KNOTS('',3,1,((#1635,#1636),(#1637,#1638),(#1639,
#1640),(#1641,#1642)),.UNSPECIFIED.,.F.,.F.,.F.,(4,4),(2,2),(-1.,0.),(0.,
0.01),.UNSPECIFIED.);
#1074=B_SPLINE_SURFACE_WITH_KNOTS('',3,1,((#1654,#1655),(#1656,#1657),(#1658,
#1659),(#1660,#1661)),.UNSPECIFIED.,.F.,.F.,.F.,(4,4),(2,2),(-1.,0.),(0.,
0.01),.UNSPECIFIED.);
#1075=B_SPLINE_SURFACE_WITH_KNOTS('',3,1,((#1668,#1669),(#1670,#1671),(#1672,
#1673),(#1674,#1675)),.UNSPECIFIED.,.F.,.F.,.F.,(4,4),(2,2),(-1.,0.),(0.,
0.01),.UNSPECIFIED.);
#1076=B_SPLINE_SURFACE_WITH_KNOTS('',3,1,((#1682,#1683),(#1684,#1685),(#1686,
#1687),(#1688,#1689)),.UNSPECIFIED.,.F.,.F.,.F.,(4,4),(2,2),(-1.,0.),(0.,
0.01),.UNSPECIFIED.);
#1077=B_SPLINE_SURFACE_WITH_KNOTS('',3,1,((#1701,#1702),(#1703,#1704),(#1705,
#1706),(#1707,#1708)),.UNSPECIFIED.,.F.,.F.,.F.,(4,4),(2,2),(-1.,0.),(0.,
0.01),.UNSPECIFIED.);
#1078=B_SPLINE_SURFACE_WITH_KNOTS('',3,1,((#1715,#1716),(#1717,#1718),(#1719,
#1720),(#1721,#1722)),.UNSPECIFIED.,.F.,.F.,.F.,(4,4),(2,2),(-1.,0.),(0.,
0.01),.UNSPECIFIED.);
#1079=B_SPLINE_SURFACE_WITH_KNOTS('',3,1,((#1734,#1735),(#1736,#1737),(#1738,
#1739),(#1740,#1741)),.UNSPECIFIED.,.F.,.F.,.F.,(4,4),(2,2),(-1.,0.),(0.,
0.01),.UNSPECIFIED.);
#1080=B_SPLINE_SURFACE_WITH_KNOTS('',3,1,((#1753,#1754),(#1755,#1756),(#1757,
#1758),(#1759,#1760)),.UNSPECIFIED.,.F.,.F.,.F.,(4,4),(2,2),(-1.,0.),(0.,
0.01),.UNSPECIFIED.);
#1081=B_SPLINE_SURFACE_WITH_KNOTS('',3,1,((#1767,#1768),(#1769,#1770),(#1771,
#1772),(#1773,#1774)),.UNSPECIFIED.,.F.,.F.,.F.,(4,4),(2,2),(-1.,0.),(0.,
0.01),.UNSPECIFIED.);
#1082=B_SPLINE_SURFACE_WITH_KNOTS('',3,1,((#1781,#1782),(#1783,#1784),(#1785,
#1786),(#1787,#1788),(#1789,#1790),(#1791,#1792),(#1793,#1794)),
 .UNSPECIFIED.,.F.,.F.,.F.,(4,3,4),(2,2),(-1.01051300340193,-1.,0.),(0.,
0.01),.UNSPECIFIED.);
#1083=B_SPLINE_SURFACE_WITH_KNOTS('',3,1,((#1809,#1810),(#1811,#1812),(#1813,
#1814),(#1815,#1816),(#1817,#1818),(#1819,#1820),(#1821,#1822),(#1823,#1824),
(#1825,#1826),(#1827,#1828)),.UNSPECIFIED.,.F.,.F.,.F.,(4,3,3,4),(2,2),
(-1.01454221637527,-1.,0.,0.0117407617342704),(0.,0.01),.UNSPECIFIED.);
#1084=B_SPLINE_SURFACE_WITH_KNOTS('',3,1,((#1846,#1847),(#1848,#1849),(#1850,
#1851),(#1852,#1853),(#1854,#1855),(#1856,#1857),(#1858,#1859)),
 .UNSPECIFIED.,.F.,.F.,.F.,(4,3,4),(2,2),(-1.,0.,0.01198496105133),(0.,
0.01),.UNSPECIFIED.);
#1085=B_SPLINE_SURFACE_WITH_KNOTS('',2,1,((#1954,#1955),(#1956,#1957),(#1958,
#1959)),.UNSPECIFIED.,.F.,.F.,.F.,(3,3),(2,2),(-1.,0.),(0.,0.01),
 .UNSPECIFIED.);
#1086=B_SPLINE_SURFACE_WITH_KNOTS('',2,1,((#1972,#1973),(#1974,#1975),(#1976,
#1977)),.UNSPECIFIED.,.F.,.F.,.F.,(3,3),(2,2),(-1.,0.),(0.,0.01),
 .UNSPECIFIED.);
#1087=B_SPLINE_SURFACE_WITH_KNOTS('',2,1,((#1987,#1988),(#1989,#1990),(#1991,
#1992)),.UNSPECIFIED.,.F.,.F.,.F.,(3,3),(2,2),(-1.,0.),(0.,0.01),
 .UNSPECIFIED.);
#1088=B_SPLINE_SURFACE_WITH_KNOTS('',2,1,((#2002,#2003),(#2004,#2005),(#2006,
#2007)),.UNSPECIFIED.,.F.,.F.,.F.,(3,3),(2,2),(-1.,0.),(0.,0.01),
 .UNSPECIFIED.);
#1089=B_SPLINE_SURFACE_WITH_KNOTS('',2,1,((#2017,#2018),(#2019,#2020),(#2021,
#2022)),.UNSPECIFIED.,.F.,.F.,.F.,(3,3),(2,2),(-1.,0.),(0.,0.01),
 .UNSPECIFIED.);
#1090=B_SPLINE_SURFACE_WITH_KNOTS('',2,1,((#2032,#2033),(#2034,#2035),(#2036,
#2037)),.UNSPECIFIED.,.F.,.F.,.F.,(3,3),(2,2),(-1.,0.),(0.,0.01),
 .UNSPECIFIED.);
#1091=B_SPLINE_SURFACE_WITH_KNOTS('',2,1,((#2047,#2048),(#2049,#2050),(#2051,
#2052)),.UNSPECIFIED.,.F.,.F.,.F.,(3,3),(2,2),(-1.,0.),(0.,0.01),
 .UNSPECIFIED.);
#1092=B_SPLINE_SURFACE_WITH_KNOTS('',2,1,((#2062,#2063),(#2064,#2065),(#2066,
#2067)),.UNSPECIFIED.,.F.,.F.,.F.,(3,3),(2,2),(-1.,0.),(0.,0.01),
 .UNSPECIFIED.);
#1093=B_SPLINE_SURFACE_WITH_KNOTS('',3,1,((#2074,#2075),(#2076,#2077),(#2078,
#2079),(#2080,#2081),(#2082,#2083),(#2084,#2085),(#2086,#2087)),
 .UNSPECIFIED.,.F.,.F.,.F.,(4,3,4),(2,2),(-1.01,-1.,0.),(0.,0.01),
 .UNSPECIFIED.);
#1094=B_SPLINE_SURFACE_WITH_KNOTS('',3,1,((#2113,#2114),(#2115,#2116),(#2117,
#2118),(#2119,#2120),(#2121,#2122),(#2123,#2124),(#2125,#2126),(#2127,#2128),
(#2129,#2130),(#2131,#2132)),.UNSPECIFIED.,.F.,.F.,.F.,(4,3,3,4),(2,2),
(-1.01,-1.,0.,0.01),(0.,0.01),.UNSPECIFIED.);
#1095=B_SPLINE_SURFACE_WITH_KNOTS('',3,1,((#2161,#2162),(#2163,#2164),(#2165,
#2166),(#2167,#2168),(#2169,#2170),(#2171,#2172),(#2173,#2174)),
 .UNSPECIFIED.,.F.,.F.,.F.,(4,3,4),(2,2),(-1.,0.,0.01),(0.,0.01),
 .UNSPECIFIED.);
#1096=B_SPLINE_SURFACE_WITH_KNOTS('',3,1,((#2197,#2198),(#2199,#2200),(#2201,
#2202),(#2203,#2204)),.UNSPECIFIED.,.F.,.F.,.F.,(4,4),(2,2),(-1.,0.),(0.,
0.01),.UNSPECIFIED.);
#1097=B_SPLINE_SURFACE_WITH_KNOTS('',3,1,((#2216,#2217),(#2218,#2219),(#2220,
#2221),(#2222,#2223)),.UNSPECIFIED.,.F.,.F.,.F.,(4,4),(2,2),(-1.,0.),(0.,
0.01),.UNSPECIFIED.);
#1098=B_SPLINE_SURFACE_WITH_KNOTS('',3,1,((#2240,#2241),(#2242,#2243),(#2244,
#2245),(#2246,#2247)),.UNSPECIFIED.,.F.,.F.,.F.,(4,4),(2,2),(-1.,0.),(0.,
0.01),.UNSPECIFIED.);
#1099=B_SPLINE_SURFACE_WITH_KNOTS('',3,1,((#2259,#2260),(#2261,#2262),(#2263,
#2264),(#2265,#2266),(#2267,#2268),(#2269,#2270),(#2271,#2272)),
 .UNSPECIFIED.,.F.,.F.,.F.,(4,3,4),(2,2),(-1.01,-1.,0.),(0.,0.01),
 .UNSPECIFIED.);
#1100=B_SPLINE_SURFACE_WITH_KNOTS('',3,1,((#2295,#2296),(#2297,#2298),(#2299,
#2300),(#2301,#2302),(#2303,#2304),(#2305,#2306),(#2307,#2308)),
 .UNSPECIFIED.,.F.,.F.,.F.,(4,3,4),(2,2),(-1.,0.,0.01),(0.,0.01),
 .UNSPECIFIED.);
#1101=B_SPLINE_SURFACE_WITH_KNOTS('',3,1,((#2326,#2327),(#2328,#2329),(#2330,
#2331),(#2332,#2333),(#2334,#2335),(#2336,#2337),(#2338,#2339)),
 .UNSPECIFIED.,.F.,.F.,.F.,(4,3,4),(2,2),(-1.01,-1.,0.),(0.,0.01),
 .UNSPECIFIED.);
#1102=B_SPLINE_SURFACE_WITH_KNOTS('',3,1,((#2362,#2363),(#2364,#2365),(#2366,
#2367),(#2368,#2369),(#2370,#2371),(#2372,#2373),(#2374,#2375)),
 .UNSPECIFIED.,.F.,.F.,.F.,(4,3,4),(2,2),(-1.,0.,0.01),(0.,0.01),
 .UNSPECIFIED.);
#1103=ADVANCED_FACE('',(#223),#1071,.T.);
#1104=ADVANCED_FACE('',(#224),#203,.T.);
#1105=ADVANCED_FACE('',(#225),#47,.T.);
#1106=ADVANCED_FACE('',(#226),#204,.T.);
#1107=ADVANCED_FACE('',(#227,#19),#205,.T.);
#1108=ADVANCED_FACE('',(#228),#48,.F.);
#1109=ADVANCED_FACE('',(#229),#206,.T.);
#1110=ADVANCED_FACE('',(#230),#49,.F.);
#1111=ADVANCED_FACE('',(#231),#207,.T.);
#1112=ADVANCED_FACE('',(#232),#50,.T.);
#1113=ADVANCED_FACE('',(#233),#208,.T.);
#1114=ADVANCED_FACE('',(#234),#51,.T.);
#1115=ADVANCED_FACE('',(#235),#209,.T.);
#1116=ADVANCED_FACE('',(#236),#1072,.T.);
#1117=ADVANCED_FACE('',(#237),#1073,.T.);
#1118=ADVANCED_FACE('',(#238),#1074,.T.);
#1119=ADVANCED_FACE('',(#239),#1075,.T.);
#1120=ADVANCED_FACE('',(#240),#1076,.T.);
#1121=ADVANCED_FACE('',(#241),#1077,.T.);
#1122=ADVANCED_FACE('',(#242),#210,.T.);
#1123=ADVANCED_FACE('',(#243),#1078,.T.);
#1124=ADVANCED_FACE('',(#244),#1079,.T.);
#1125=ADVANCED_FACE('',(#245),#1080,.T.);
#1126=ADVANCED_FACE('',(#246),#1081,.T.);
#1127=ADVANCED_FACE('',(#247),#1082,.T.);
#1128=ADVANCED_FACE('',(#248),#1083,.T.);
#1129=ADVANCED_FACE('',(#249),#1084,.T.);
#1130=ADVANCED_FACE('',(#250,#20),#211,.F.);
#1131=ADVANCED_FACE('',(#251),#52,.T.);
#1132=ADVANCED_FACE('',(#252),#212,.T.);
#1133=ADVANCED_FACE('',(#253),#213,.F.);
#1134=ADVANCED_FACE('',(#254),#53,.T.);
#1135=ADVANCED_FACE('',(#255),#214,.T.);
#1136=ADVANCED_FACE('',(#256),#215,.T.);
#1137=ADVANCED_FACE('',(#257),#54,.F.);
#1138=ADVANCED_FACE('',(#258),#55,.T.);
#1139=ADVANCED_FACE('',(#259),#216,.T.);
#1140=ADVANCED_FACE('',(#260),#217,.T.);
#1141=ADVANCED_FACE('',(#261),#56,.T.);
#1142=ADVANCED_FACE('',(#262),#57,.T.);
#1143=ADVANCED_FACE('',(#263),#218,.T.);
#1144=ADVANCED_FACE('',(#264),#58,.T.);
#1145=ADVANCED_FACE('',(#265),#219,.T.);
#1146=ADVANCED_FACE('',(#266),#220,.T.);
#1147=ADVANCED_FACE('',(#267),#1085,.T.);
#1148=ADVANCED_FACE('',(#268),#1086,.T.);
#1149=ADVANCED_FACE('',(#269),#1087,.T.);
#1150=ADVANCED_FACE('',(#270),#1088,.T.);
#1151=ADVANCED_FACE('',(#271),#1089,.T.);
#1152=ADVANCED_FACE('',(#272),#1090,.T.);
#1153=ADVANCED_FACE('',(#273),#1091,.T.);
#1154=ADVANCED_FACE('',(#274),#1092,.T.);
#1155=ADVANCED_FACE('',(#275),#1093,.T.);
#1156=ADVANCED_FACE('',(#276),#1094,.T.);
#1157=ADVANCED_FACE('',(#277),#1095,.T.);
#1158=ADVANCED_FACE('',(#278),#1096,.T.);
#1159=ADVANCED_FACE('',(#279),#1097,.T.);
#1160=ADVANCED_FACE('',(#280),#1098,.T.);
#1161=ADVANCED_FACE('',(#281),#1099,.T.);
#1162=ADVANCED_FACE('',(#282),#1100,.T.);
#1163=ADVANCED_FACE('',(#283),#1101,.T.);
#1164=ADVANCED_FACE('',(#284),#1102,.T.);
#1165=ADVANCED_FACE('',(#285,#21),#221,.T.);
#1166=ADVANCED_FACE('',(#286,#22),#222,.F.);
#1167=CLOSED_SHELL('',(#1103,#1104,#1105,#1106,#1107,#1108,#1109,#1110,
#1111,#1112,#1113,#1114,#1115,#1116,#1117,#1118,#1119,#1120,#1121,#1122,
#1123,#1124,#1125,#1126,#1127,#1128,#1129,#1130));
#1168=CLOSED_SHELL('',(#1131,#1132,#1133,#1134,#1135,#1136,#1137,#1138,
#1139,#1140,#1141,#1142,#1143,#1144,#1145,#1146));
#1169=CLOSED_SHELL('',(#1147,#1148,#1149,#1150,#1151,#1152,#1153,#1154,
#1155,#1156,#1157,#1158,#1159,#1160,#1161,#1162,#1163,#1164,#1165,#1166));
#1170=DERIVED_UNIT_ELEMENT(#1172,1.);
#1171=DERIVED_UNIT_ELEMENT(#2397,-3.);
#1172=(
MASS_UNIT()
NAMED_UNIT(*)
SI_UNIT(.KILO.,.GRAM.)
);
#1173=DERIVED_UNIT((#1170,#1171));
#1174=MEASURE_REPRESENTATION_ITEM('density measure',
POSITIVE_RATIO_MEASURE(7850.),#1173);
#1175=PROPERTY_DEFINITION_REPRESENTATION(#1180,#1177);
#1176=PROPERTY_DEFINITION_REPRESENTATION(#1181,#1178);
#1177=REPRESENTATION('material name',(#1179),#2394);
#1178=REPRESENTATION('density',(#1174),#2394);
#1179=DESCRIPTIVE_REPRESENTATION_ITEM('Steel','Steel');
#1180=PROPERTY_DEFINITION('material property','material name',#2404);
#1181=PROPERTY_DEFINITION('material property','density of part',#2404);
#1182=AXIS2_PLACEMENT_3D('',#1425,#1239,#1240);
#1183=AXIS2_PLACEMENT_3D('',#1472,#1241,#1242);
#1184=AXIS2_PLACEMENT_3D('',#1478,#1246,#1247);
#1185=AXIS2_PLACEMENT_3D('',#1481,#1248,#1249);
#1186=AXIS2_PLACEMENT_3D('',#1485,#1251,#1252);
#1187=AXIS2_PLACEMENT_3D('',#1487,#1254,#1255);
#1188=AXIS2_PLACEMENT_3D('',#1493,#1259,#1260);
#1189=AXIS2_PLACEMENT_3D('',#1543,#1262,#1263);
#1190=AXIS2_PLACEMENT_3D('',#1546,#1265,#1266);
#1191=AXIS2_PLACEMENT_3D('',#1583,#1269,#1270);
#1192=AXIS2_PLACEMENT_3D('',#1586,#1272,#1273);
#1193=AXIS2_PLACEMENT_3D('',#1587,#1274,#1275);
#1194=AXIS2_PLACEMENT_3D('',#1590,#1276,#1277);
#1195=AXIS2_PLACEMENT_3D('',#1593,#1280,#1281);
#1196=AXIS2_PLACEMENT_3D('',#1597,#1284,#1285);
#1197=AXIS2_PLACEMENT_3D('',#1600,#1286,#1287);
#1198=AXIS2_PLACEMENT_3D('',#1603,#1290,#1291);
#1199=AXIS2_PLACEMENT_3D('',#1605,#1293,#1294);
#1200=AXIS2_PLACEMENT_3D('',#1608,#1296,#1297);
#1201=AXIS2_PLACEMENT_3D('',#1609,#1298,#1299);
#1202=AXIS2_PLACEMENT_3D('',#1613,#1302,#1303);
#1203=AXIS2_PLACEMENT_3D('',#1616,#1305,#1306);
#1204=AXIS2_PLACEMENT_3D('',#1617,#1307,#1308);
#1205=AXIS2_PLACEMENT_3D('',#1713,#1314,#1315);
#1206=AXIS2_PLACEMENT_3D('',#1867,#1319,#1320);
#1207=AXIS2_PLACEMENT_3D('',#1868,#1321,#1322);
#1208=AXIS2_PLACEMENT_3D('',#1871,#1323,#1324);
#1209=AXIS2_PLACEMENT_3D('',#1875,#1326,#1327);
#1210=AXIS2_PLACEMENT_3D('',#1877,#1329,#1330);
#1211=AXIS2_PLACEMENT_3D('',#1883,#1334,#1335);
#1212=AXIS2_PLACEMENT_3D('',#1887,#1337,#1338);
#1213=AXIS2_PLACEMENT_3D('',#1891,#1340,#1341);
#1214=AXIS2_PLACEMENT_3D('',#1895,#1343,#1344);
#1215=AXIS2_PLACEMENT_3D('',#1899,#1346,#1347);
#1216=AXIS2_PLACEMENT_3D('',#1903,#1349,#1350);
#1217=AXIS2_PLACEMENT_3D('',#1906,#1352,#1353);
#1218=AXIS2_PLACEMENT_3D('',#1907,#1354,#1355);
#1219=AXIS2_PLACEMENT_3D('',#1910,#1356,#1357);
#1220=AXIS2_PLACEMENT_3D('',#1913,#1360,#1361);
#1221=AXIS2_PLACEMENT_3D('',#1917,#1364,#1365);
#1222=AXIS2_PLACEMENT_3D('',#1918,#1366,#1367);
#1223=AXIS2_PLACEMENT_3D('',#1922,#1369,#1370);
#1224=AXIS2_PLACEMENT_3D('',#1926,#1372,#1373);
#1225=AXIS2_PLACEMENT_3D('',#1930,#1375,#1376);
#1226=AXIS2_PLACEMENT_3D('',#1934,#1378,#1379);
#1227=AXIS2_PLACEMENT_3D('',#1936,#1381,#1382);
#1228=AXIS2_PLACEMENT_3D('',#1937,#1383,#1384);
#1229=AXIS2_PLACEMENT_3D('',#1940,#1387,#1388);
#1230=AXIS2_PLACEMENT_3D('',#1941,#1389,#1390);
#1231=AXIS2_PLACEMENT_3D('',#1943,#1392,#1393);
#1232=AXIS2_PLACEMENT_3D('',#1945,#1395,#1396);
#1233=AXIS2_PLACEMENT_3D('',#1948,#1399,#1400);
#1234=AXIS2_PLACEMENT_3D('',#1950,#1402,#1403);
#1235=AXIS2_PLACEMENT_3D('',#1952,#1405,#1406);
#1236=AXIS2_PLACEMENT_3D('',#1953,#1407,#1408);
#1237=AXIS2_PLACEMENT_3D('',#2390,#1421,#1422);
#1238=AXIS2_PLACEMENT_3D('',#2391,#1423,#1424);
#1239=DIRECTION('axis',(0.,0.,1.));
#1240=DIRECTION('refdir',(1.,0.,0.));
#1241=DIRECTION('center_axis',(1.,0.,0.));
#1242=DIRECTION('ref_axis',(0.,1.,0.));
#1243=DIRECTION('',(0.,-1.,0.));
#1244=DIRECTION('',(0.,0.,1.));
#1245=DIRECTION('',(0.,-1.,0.));
#1246=DIRECTION('center_axis',(0.,0.,1.));
#1247=DIRECTION('ref_axis',(-0.707106781186547,0.707106781186547,0.));
#1248=DIRECTION('center_axis',(0.,0.,-1.));
#1249=DIRECTION('ref_axis',(-0.707106781186547,0.707106781186547,0.));
#1250=DIRECTION('',(0.,0.,-1.));
#1251=DIRECTION('center_axis',(0.,0.,-1.));
#1252=DIRECTION('ref_axis',(-0.707106781186547,0.707106781186547,0.));
#1253=DIRECTION('',(0.,0.,1.));
#1254=DIRECTION('center_axis',(0.,1.,0.));
#1255=DIRECTION('ref_axis',(-1.,0.,0.));
#1256=DIRECTION('',(1.,0.,0.));
#1257=DIRECTION('',(0.,0.,1.));
#1258=DIRECTION('',(1.,0.,0.));
#1259=DIRECTION('center_axis',(0.,0.,1.));
#1260=DIRECTION('ref_axis',(1.,0.,0.));
#1261=DIRECTION('',(0.,1.,0.));
#1262=DIRECTION('center_axis',(0.,0.,-1.));
#1263=DIRECTION('ref_axis',(-0.707106781186547,-0.707106781186547,0.));
#1264=DIRECTION('',(-1.,0.,0.));
#1265=DIRECTION('center_axis',(0.,0.,-1.));
#1266=DIRECTION('ref_axis',(0.707106781186547,-0.707106781186547,0.));
#1267=DIRECTION('',(-1.,0.,0.));
#1268=DIRECTION('',(1.,0.,0.));
#1269=DIRECTION('center_axis',(0.,0.,1.));
#1270=DIRECTION('ref_axis',(-0.707106781186548,-0.707106781186547,0.));
#1271=DIRECTION('',(0.,-1.,0.));
#1272=DIRECTION('center_axis',(0.,0.,1.));
#1273=DIRECTION('ref_axis',(-0.707106781186548,0.707106781186547,0.));
#1274=DIRECTION('center_axis',(0.,0.,1.));
#1275=DIRECTION('ref_axis',(-0.707106781186548,0.707106781186547,0.));
#1276=DIRECTION('center_axis',(0.,0.,1.));
#1277=DIRECTION('ref_axis',(-0.707106781186548,0.707106781186547,0.));
#1278=DIRECTION('',(0.,0.,1.));
#1279=DIRECTION('',(0.,0.,-1.));
#1280=DIRECTION('center_axis',(0.,-1.,0.));
#1281=DIRECTION('ref_axis',(1.,0.,0.));
#1282=DIRECTION('',(-1.,0.,0.));
#1283=DIRECTION('',(0.,0.,1.));
#1284=DIRECTION('center_axis',(0.,0.,1.));
#1285=DIRECTION('ref_axis',(-0.707106781186548,-0.707106781186547,0.));
#1286=DIRECTION('center_axis',(0.,0.,1.));
#1287=DIRECTION('ref_axis',(-0.707106781186548,-0.707106781186547,0.));
#1288=DIRECTION('',(0.,0.,1.));
#1289=DIRECTION('',(0.,0.,-1.));
#1290=DIRECTION('center_axis',(1.,0.,0.));
#1291=DIRECTION('ref_axis',(0.,1.,0.));
#1292=DIRECTION('',(0.,-1.,0.));
#1293=DIRECTION('center_axis',(0.,0.,1.));
#1294=DIRECTION('ref_axis',(0.707106781186547,-0.707106781186547,0.));
#1295=DIRECTION('',(0.,0.,-1.));
#1296=DIRECTION('center_axis',(0.,0.,-1.));
#1297=DIRECTION('ref_axis',(0.707106781186547,-0.707106781186547,0.));
#1298=DIRECTION('center_axis',(0.,-1.,0.));
#1299=DIRECTION('ref_axis',(1.,0.,0.));
#1300=DIRECTION('',(0.,0.,1.));
#1301=DIRECTION('',(-1.,0.,0.));
#1302=DIRECTION('center_axis',(0.,0.,1.));
#1303=DIRECTION('ref_axis',(-0.707106781186547,-0.707106781186547,0.));
#1304=DIRECTION('',(0.,0.,-1.));
#1305=DIRECTION('center_axis',(0.,0.,-1.));
#1306=DIRECTION('ref_axis',(-0.707106781186547,-0.707106781186547,0.));
#1307=DIRECTION('center_axis',(0.,1.,0.));
#1308=DIRECTION('ref_axis',(-1.,0.,0.));
#1309=DIRECTION('',(0.,0.,1.));
#1310=DIRECTION('',(1.,0.,0.));
#1311=DIRECTION('',(0.,0.,1.));
#1312=DIRECTION('',(0.,0.,1.));
#1313=DIRECTION('',(0.,0.,1.));
#1314=DIRECTION('center_axis',(-1.,0.,0.));
#1315=DIRECTION('ref_axis',(0.,-1.,0.));
#1316=DIRECTION('',(0.,1.,0.));
#1317=DIRECTION('',(0.,0.,1.));
#1318=DIRECTION('',(0.,0.,1.));
#1319=DIRECTION('center_axis',(0.,0.,1.));
#1320=DIRECTION('ref_axis',(1.,0.,0.));
#1321=DIRECTION('center_axis',(0.,0.,1.));
#1322=DIRECTION('ref_axis',(-0.585607799302358,0.810594538222563,0.));
#1323=DIRECTION('center_axis',(0.,0.,-1.));
#1324=DIRECTION('ref_axis',(-0.585607799302358,0.810594538222563,0.));
#1325=DIRECTION('',(0.,0.,-1.));
#1326=DIRECTION('center_axis',(0.,0.,1.));
#1327=DIRECTION('ref_axis',(-0.585607799302358,0.810594538222563,0.));
#1328=DIRECTION('',(0.,0.,1.));
#1329=DIRECTION('center_axis',(-0.949380967310052,0.314127010792499,0.));
#1330=DIRECTION('ref_axis',(-0.314127010792499,-0.949380967310052,0.));
#1331=DIRECTION('',(0.314127010792499,0.949380967310052,0.));
#1332=DIRECTION('',(0.,0.,-1.));
#1333=DIRECTION('',(-0.314127010792499,-0.949380967310052,0.));
#1334=DIRECTION('center_axis',(0.,0.,1.));
#1335=DIRECTION('ref_axis',(1.,0.,0.));
#1336=DIRECTION('',(1.,0.,0.));
#1337=DIRECTION('center_axis',(0.,0.,-1.));
#1338=DIRECTION('ref_axis',(0.817664322783139,0.575695279855229,0.));
#1339=DIRECTION('',(-0.337149889504819,-0.941450982264551,0.));
#1340=DIRECTION('center_axis',(0.,0.,-1.));
#1341=DIRECTION('ref_axis',(0.575695279855229,-0.817664322783139,0.));
#1342=DIRECTION('',(-1.,0.,0.));
#1343=DIRECTION('center_axis',(0.,0.,-1.));
#1344=DIRECTION('ref_axis',(-0.575942460881585,-0.81749023343014,0.));
#1345=DIRECTION('',(-0.336580563507328,0.941654673576832,0.));
#1346=DIRECTION('center_axis',(0.,0.,-1.));
#1347=DIRECTION('ref_axis',(-0.81749023343014,0.575942460881585,0.));
#1348=DIRECTION('',(1.,0.,0.));
#1349=DIRECTION('center_axis',(0.,0.,1.));
#1350=DIRECTION('ref_axis',(0.581573802910498,0.813493645806912,0.));
#1351=DIRECTION('',(0.323543823536442,-0.946213186470903,0.));
#1352=DIRECTION('center_axis',(0.,0.,-1.));
#1353=DIRECTION('ref_axis',(0.00496767545486406,-0.999987661024162,0.));
#1354=DIRECTION('center_axis',(0.,0.,1.));
#1355=DIRECTION('ref_axis',(0.581573802910498,0.813493645806912,0.));
#1356=DIRECTION('center_axis',(0.,0.,-1.));
#1357=DIRECTION('ref_axis',(0.581573802910498,0.813493645806912,0.));
#1358=DIRECTION('',(0.,0.,-1.));
#1359=DIRECTION('',(0.,0.,1.));
#1360=DIRECTION('center_axis',(0.946213186470903,0.323543823536442,0.));
#1361=DIRECTION('ref_axis',(-0.323543823536442,0.946213186470903,0.));
#1362=DIRECTION('',(-0.323543823536442,0.946213186470903,0.));
#1363=DIRECTION('',(0.,0.,1.));
#1364=DIRECTION('center_axis',(0.,0.,1.));
#1365=DIRECTION('ref_axis',(1.,0.,0.));
#1366=DIRECTION('center_axis',(0.,0.,1.));
#1367=DIRECTION('ref_axis',(0.00496767545486406,-0.999987661024162,0.));
#1368=DIRECTION('',(1.,0.,0.));
#1369=DIRECTION('center_axis',(0.,0.,-1.));
#1370=DIRECTION('ref_axis',(-0.81749023343014,0.575942460881585,0.));
#1371=DIRECTION('',(-0.336580563507328,0.941654673576832,0.));
#1372=DIRECTION('center_axis',(0.,0.,-1.));
#1373=DIRECTION('ref_axis',(-0.575942460881585,-0.81749023343014,0.));
#1374=DIRECTION('',(-1.,0.,0.));
#1375=DIRECTION('center_axis',(0.,0.,-1.));
#1376=DIRECTION('ref_axis',(0.575695279855229,-0.817664322783139,0.));
#1377=DIRECTION('',(-0.337149889504819,-0.941450982264551,0.));
#1378=DIRECTION('center_axis',(0.,0.,-1.));
#1379=DIRECTION('ref_axis',(0.817664322783139,0.575695279855229,0.));
#1380=DIRECTION('',(1.,0.,0.));
#1381=DIRECTION('center_axis',(0.,0.,1.));
#1382=DIRECTION('ref_axis',(0.00496767545486406,-0.999987661024162,0.));
#1383=DIRECTION('center_axis',(0.,0.,1.));
#1384=DIRECTION('ref_axis',(-0.81749023343014,0.575942460881585,0.));
#1385=DIRECTION('',(0.,0.,-1.));
#1386=DIRECTION('',(0.,0.,1.));
#1387=DIRECTION('center_axis',(0.,1.,0.));
#1388=DIRECTION('ref_axis',(-1.,0.,0.));
#1389=DIRECTION('center_axis',(0.,1.,0.));
#1390=DIRECTION('ref_axis',(-1.,0.,0.));
#1391=DIRECTION('',(0.,0.,1.));
#1392=DIRECTION('center_axis',(0.,0.,1.));
#1393=DIRECTION('ref_axis',(0.817664322783139,0.575695279855229,0.));
#1394=DIRECTION('',(0.,0.,-1.));
#1395=DIRECTION('center_axis',(0.,0.,1.));
#1396=DIRECTION('ref_axis',(-0.575942460881585,-0.81749023343014,0.));
#1397=DIRECTION('',(0.,0.,-1.));
#1398=DIRECTION('',(0.,0.,1.));
#1399=DIRECTION('center_axis',(0.,-1.,0.));
#1400=DIRECTION('ref_axis',(1.,0.,0.));
#1401=DIRECTION('',(0.,0.,-1.));
#1402=DIRECTION('center_axis',(0.,0.,1.));
#1403=DIRECTION('ref_axis',(0.575695279855229,-0.817664322783139,0.));
#1404=DIRECTION('',(0.,0.,1.));
#1405=DIRECTION('center_axis',(-0.941654673576832,-0.336580563507328,0.));
#1406=DIRECTION('ref_axis',(0.336580563507328,-0.941654673576832,0.));
#1407=DIRECTION('center_axis',(0.941450982264551,-0.337149889504819,0.));
#1408=DIRECTION('ref_axis',(0.337149889504819,0.941450982264551,0.));
#1409=DIRECTION('',(0.,0.,1.));
#1410=DIRECTION('',(0.,0.,1.));
#1411=DIRECTION('',(0.,0.,1.));
#1412=DIRECTION('',(0.,0.,1.));
#1413=DIRECTION('',(0.,0.,1.));
#1414=DIRECTION('',(0.,0.,1.));
#1415=DIRECTION('',(0.,0.,1.));
#1416=DIRECTION('',(0.,0.,1.));
#1417=DIRECTION('',(0.,0.,1.));
#1418=DIRECTION('',(0.,0.,1.));
#1419=DIRECTION('',(0.,0.,1.));
#1420=DIRECTION('',(0.,0.,1.));
#1421=DIRECTION('center_axis',(0.,0.,1.));
#1422=DIRECTION('ref_axis',(1.,0.,0.));
#1423=DIRECTION('center_axis',(0.,0.,1.));
#1424=DIRECTION('ref_axis',(1.,0.,0.));
#1425=CARTESIAN_POINT('',(0.,0.,0.));
#1426=CARTESIAN_POINT('Ctrl Pts',(0.78353584749227,-0.121557556454008,0.1));
#1427=CARTESIAN_POINT('Ctrl Pts',(0.78353584749227,-0.121557556454008,0.0666666666666667));
#1428=CARTESIAN_POINT('Ctrl Pts',(0.78353584749227,-0.121557556454008,0.0333333333333333));
#1429=CARTESIAN_POINT('Ctrl Pts',(0.78353584749227,-0.121557556454008,-2.71050543121376E-18));
#1430=CARTESIAN_POINT('Ctrl Pts',(0.774589406490747,-0.121603616735788,
0.1));
#1431=CARTESIAN_POINT('Ctrl Pts',(0.774589406490747,-0.121603616735788,
0.0666666666666667));
#1432=CARTESIAN_POINT('Ctrl Pts',(0.774589406490747,-0.121603616735788,
0.0333333333333333));
#1433=CARTESIAN_POINT('Ctrl Pts',(0.774589406490747,-0.121603616735788,
-2.71050543121376E-18));
#1434=CARTESIAN_POINT('Ctrl Pts',(0.759113951708306,-0.129145869994281,
0.1));
#1435=CARTESIAN_POINT('Ctrl Pts',(0.759113951708306,-0.129145869994281,
0.0666666666666666));
#1436=CARTESIAN_POINT('Ctrl Pts',(0.759113951708306,-0.129145869994281,
0.0333333333333334));
#1437=CARTESIAN_POINT('Ctrl Pts',(0.759113951708306,-0.129145869994281,
-2.71050543121376E-18));
#1438=CARTESIAN_POINT('Ctrl Pts',(0.753690298870206,-0.144847239186581,
0.1));
#1439=CARTESIAN_POINT('Ctrl Pts',(0.753690298870206,-0.144847239186581,
0.0666666666666667));
#1440=CARTESIAN_POINT('Ctrl Pts',(0.753690298870206,-0.144847239186581,
0.0333333333333333));
#1441=CARTESIAN_POINT('Ctrl Pts',(0.753690298870206,-0.144847239186581,
-2.71050543121376E-18));
#1442=CARTESIAN_POINT('Ctrl Pts',(0.753690298870206,-0.151557158864237,
0.1));
#1443=CARTESIAN_POINT('Ctrl Pts',(0.753690298870206,-0.151557158864237,
0.0666666666666667));
#1444=CARTESIAN_POINT('Ctrl Pts',(0.753690298870206,-0.151557158864237,
0.0333333333333333));
#1445=CARTESIAN_POINT('Ctrl Pts',(0.753690298870206,-0.151557158864237,
-2.71050543121376E-18));
#1446=CARTESIAN_POINT('',(0.78353584749227,-0.121557556454008,0.));
#1447=CARTESIAN_POINT('',(0.753690298870206,-0.151557158864237,5.42101086242752E-19));
#1448=CARTESIAN_POINT('Ctrl Pts',(0.753690298870206,-0.151557158864237,
-1.73472347597681E-17));
#1449=CARTESIAN_POINT('Ctrl Pts',(0.753690298870206,-0.144847239186581,
-1.73472347597681E-17));
#1450=CARTESIAN_POINT('Ctrl Pts',(0.756014721515106,-0.13811808096131,-1.73472347597681E-17));
#1451=CARTESIAN_POINT('Ctrl Pts',(0.760185393496722,-0.132887535866738,
-1.73472347597681E-17));
#1452=CARTESIAN_POINT('Ctrl Pts',(0.765746289472209,-0.125913475740641,
0.));
#1453=CARTESIAN_POINT('Ctrl Pts',(0.774589406490747,-0.121603616735788,
0.));
#1454=CARTESIAN_POINT('Ctrl Pts',(0.78353584749227,-0.121557556454008,0.));
#1455=CARTESIAN_POINT('',(0.78353584749227,-0.121557556454008,0.1));
#1456=CARTESIAN_POINT('Ctrl Pts',(0.78353584749227,-0.121557556454008,-2.71050543121376E-18));
#1457=CARTESIAN_POINT('Ctrl Pts',(0.78353584749227,-0.121557556454008,0.0333333333333333));
#1458=CARTESIAN_POINT('Ctrl Pts',(0.78353584749227,-0.121557556454008,0.0666666666666667));
#1459=CARTESIAN_POINT('Ctrl Pts',(0.78353584749227,-0.121557556454008,0.1));
#1460=CARTESIAN_POINT('',(0.753690298870206,-0.151557158864237,0.1));
#1461=CARTESIAN_POINT('Ctrl Pts',(0.78353584749227,-0.121557556454008,0.1));
#1462=CARTESIAN_POINT('Ctrl Pts',(0.774589406490747,-0.121603616735788,
0.1));
#1463=CARTESIAN_POINT('Ctrl Pts',(0.765746289472209,-0.125913475740641,
0.1));
#1464=CARTESIAN_POINT('Ctrl Pts',(0.760185393496722,-0.132887535866738,
0.1));
#1465=CARTESIAN_POINT('Ctrl Pts',(0.756014721515106,-0.13811808096131,0.1));
#1466=CARTESIAN_POINT('Ctrl Pts',(0.753690298870206,-0.144847239186581,
0.1));
#1467=CARTESIAN_POINT('Ctrl Pts',(0.753690298870206,-0.151557158864237,
0.1));
#1468=CARTESIAN_POINT('Ctrl Pts',(0.753690298870206,-0.151557158864237,
0.1));
#1469=CARTESIAN_POINT('Ctrl Pts',(0.753690298870206,-0.151557158864237,
0.0666666666666667));
#1470=CARTESIAN_POINT('Ctrl Pts',(0.753690298870206,-0.151557158864237,
0.0333333333333333));
#1471=CARTESIAN_POINT('Ctrl Pts',(0.753690298870206,-0.151557158864237,
-2.71050543121376E-18));
#1472=CARTESIAN_POINT('Origin',(0.753690298870206,-0.279045804261344,0.));
#1473=CARTESIAN_POINT('',(0.753690298870206,-0.239045804261344,0.1));
#1474=CARTESIAN_POINT('',(0.753690298870206,-0.141545795693176,0.1));
#1475=CARTESIAN_POINT('',(0.753690298870206,-0.239045804261344,0.));
#1476=CARTESIAN_POINT('',(0.753690298870206,-0.239045804261344,0.));
#1477=CARTESIAN_POINT('',(0.753690298870206,-0.141545795693176,0.));
#1478=CARTESIAN_POINT('Origin',(0.632639767602086,0.230954192758424,0.));
#1479=CARTESIAN_POINT('',(0.542639767602086,0.230954192758424,0.1));
#1480=CARTESIAN_POINT('',(0.632639767602086,0.320954192758424,0.1));
#1481=CARTESIAN_POINT('Origin',(0.632639767602086,0.230954192758424,0.1));
#1482=CARTESIAN_POINT('',(0.632639767602086,0.320954192758424,0.));
#1483=CARTESIAN_POINT('',(0.632639767602086,0.320954192758424,0.));
#1484=CARTESIAN_POINT('',(0.542639767602086,0.230954192758424,0.));
#1485=CARTESIAN_POINT('Origin',(0.632639767602086,0.230954192758424,0.));
#1486=CARTESIAN_POINT('',(0.542639767602086,0.230954192758424,0.));
#1487=CARTESIAN_POINT('Origin',(0.770845809057355,0.320954192758424,0.));
#1488=CARTESIAN_POINT('',(0.770845809057355,0.320954192758424,0.1));
#1489=CARTESIAN_POINT('',(0.503911983724683,0.320954192758424,0.1));
#1490=CARTESIAN_POINT('',(0.770845809057355,0.320954192758424,0.));
#1491=CARTESIAN_POINT('',(0.770845809057355,0.320954192758424,0.));
#1492=CARTESIAN_POINT('',(0.503911983724683,0.320954192758424,0.));
#1493=CARTESIAN_POINT('Origin',(0.236978158392012,-0.00404578712500847,
0.1));
#1494=CARTESIAN_POINT('',(0.901458556678079,-0.112652328695904,0.1));
#1495=CARTESIAN_POINT('Ctrl Pts',(0.901458556678084,-0.112652328695903,
0.1));
#1496=CARTESIAN_POINT('Ctrl Pts',(0.901303126954731,-0.112683121228598,
0.1));
#1497=CARTESIAN_POINT('Ctrl Pts',(0.901147697231372,-0.112713913761295,
0.1));
#1498=CARTESIAN_POINT('Ctrl Pts',(0.900992267508018,-0.11274470629399,0.1));
#1499=CARTESIAN_POINT('Ctrl Pts',(0.870131768513774,-0.118858549282099,
0.1));
#1500=CARTESIAN_POINT('Ctrl Pts',(0.831993399781443,-0.121308075290726,
0.1));
#1501=CARTESIAN_POINT('Ctrl Pts',(0.783535847477667,-0.121557556454083,
0.1));
#1502=CARTESIAN_POINT('',(0.97722142835729,-0.0788622604153942,0.1));
#1503=CARTESIAN_POINT('Ctrl Pts',(0.977221428357285,-0.0788622604153973,
0.1));
#1504=CARTESIAN_POINT('Ctrl Pts',(0.977202828289284,-0.0788751565177057,
0.1));
#1505=CARTESIAN_POINT('Ctrl Pts',(0.977184228221284,-0.0788880526200141,
0.1));
#1506=CARTESIAN_POINT('Ctrl Pts',(0.977165628153283,-0.0789009487223224,
0.1));
#1507=CARTESIAN_POINT('Ctrl Pts',(0.953833911159815,-0.0950776750314106,
0.1));
#1508=CARTESIAN_POINT('Ctrl Pts',(0.928537963197456,-0.10675039615521,0.1));
#1509=CARTESIAN_POINT('Ctrl Pts',(0.901923005250813,-0.112551102543,0.1));
#1510=CARTESIAN_POINT('Ctrl Pts',(0.901768189059902,-0.112584844593968,
0.1));
#1511=CARTESIAN_POINT('Ctrl Pts',(0.90161337286899,-0.112618586644936,0.1));
#1512=CARTESIAN_POINT('Ctrl Pts',(0.901458556678078,-0.112652328695905,
0.1));
#1513=CARTESIAN_POINT('',(1.03970378626788,-0.00691600026515934,0.1));
#1514=CARTESIAN_POINT('Ctrl Pts',(1.03970378626808,-0.00691600026525596,
0.1));
#1515=CARTESIAN_POINT('Ctrl Pts',(1.02427898924235,-0.0358769232454998,
0.1));
#1516=CARTESIAN_POINT('Ctrl Pts',(1.00328442100711,-0.0606868276557346,
0.1));
#1517=CARTESIAN_POINT('Ctrl Pts',(0.977277123277772,-0.0788234206974891,
0.1));
#1518=CARTESIAN_POINT('Ctrl Pts',(0.977258558304282,-0.0788363672701209,
0.1));
#1519=CARTESIAN_POINT('Ctrl Pts',(0.977239993330793,-0.0788493138427528,
0.1));
#1520=CARTESIAN_POINT('Ctrl Pts',(0.977221428357303,-0.0788622604153846,
0.1));
#1521=CARTESIAN_POINT('',(1.06395631678402,0.101752289713246,0.1));
#1522=CARTESIAN_POINT('Ctrl Pts',(1.06395631678402,0.101752289713246,0.1));
#1523=CARTESIAN_POINT('Ctrl Pts',(1.06395631678402,0.0619375296667742,0.1));
#1524=CARTESIAN_POINT('Ctrl Pts',(1.05672955125745,0.025050625985025,0.1));
#1525=CARTESIAN_POINT('Ctrl Pts',(1.03970378626788,-0.00691600026515934,
0.1));
#1526=CARTESIAN_POINT('',(1.02169906704793,0.239160153910732,0.1));
#1527=CARTESIAN_POINT('Ctrl Pts',(1.02169906625669,0.239160153300105,0.1));
#1528=CARTESIAN_POINT('Ctrl Pts',(1.05075546925878,0.201509736477975,0.1));
#1529=CARTESIAN_POINT('Ctrl Pts',(1.06395631678402,0.153576993565143,0.1));
#1530=CARTESIAN_POINT('Ctrl Pts',(1.06395631678402,0.101752289713246,0.1));
#1531=CARTESIAN_POINT('',(0.915710698744521,0.311033151815205,0.1));
#1532=CARTESIAN_POINT('Ctrl Pts',(0.915710697798108,0.3110331482129,0.1));
#1533=CARTESIAN_POINT('Ctrl Pts',(0.957760323652801,0.299985693047513,0.1));
#1534=CARTESIAN_POINT('Ctrl Pts',(0.994678052902521,0.274409974046712,0.1));
#1535=CARTESIAN_POINT('Ctrl Pts',(1.02169906541262,0.239160152657171,0.1));
#1536=CARTESIAN_POINT('Ctrl Pts',(0.770845809057355,0.320954192758424,0.1));
#1537=CARTESIAN_POINT('Ctrl Pts',(0.83963144681518,0.320954192758424,0.1));
#1538=CARTESIAN_POINT('Ctrl Pts',(0.881960573001616,0.320056824106043,0.1));
#1539=CARTESIAN_POINT('Ctrl Pts',(0.915710624744587,0.311033201349683,0.1));
#1540=CARTESIAN_POINT('',(0.542639767602086,-0.239045804261344,0.1));
#1541=CARTESIAN_POINT('',(0.542639767602086,0.133454202816708,0.1));
#1542=CARTESIAN_POINT('',(0.632639767602086,-0.329045804261344,0.1));
#1543=CARTESIAN_POINT('Origin',(0.632639767602086,-0.239045804261344,0.1));
#1544=CARTESIAN_POINT('',(0.663690298870206,-0.329045804261344,0.1));
#1545=CARTESIAN_POINT('',(0.414808962997049,-0.329045804261344,0.1));
#1546=CARTESIAN_POINT('Origin',(0.663690298870206,-0.239045804261344,0.1));
#1547=CARTESIAN_POINT('',(0.743690298870206,0.197911901057584,0.1));
#1548=CARTESIAN_POINT('',(0.757339694574475,0.197911901057584,0.1));
#1549=CARTESIAN_POINT('',(0.470334228631109,0.197911901057584,0.1));
#1550=CARTESIAN_POINT('',(0.840881100803462,0.193828133469479,0.1));
#1551=CARTESIAN_POINT('Ctrl Pts',(0.840881080930427,0.193828142547869,0.1));
#1552=CARTESIAN_POINT('Ctrl Pts',(0.824018667418711,0.196997240183788,0.1));
#1553=CARTESIAN_POINT('Ctrl Pts',(0.797712133427024,0.197911901057584,0.1));
#1554=CARTESIAN_POINT('Ctrl Pts',(0.757339694574475,0.197911901057584,0.1));
#1555=CARTESIAN_POINT('',(0.896733746127396,0.163184898768452,0.1));
#1556=CARTESIAN_POINT('Ctrl Pts',(0.896733746127396,0.163184898768452,0.1));
#1557=CARTESIAN_POINT('Ctrl Pts',(0.882144779624642,0.179325899378864,0.1));
#1558=CARTESIAN_POINT('Ctrl Pts',(0.862698034620358,0.189872566153853,0.1));
#1559=CARTESIAN_POINT('Ctrl Pts',(0.840881100493493,0.193828131759842,0.1));
#1560=CARTESIAN_POINT('',(0.919529256895184,0.100251593769414,0.1));
#1561=CARTESIAN_POINT('Ctrl Pts',(0.919529256895184,0.100251593769414,0.1));
#1562=CARTESIAN_POINT('Ctrl Pts',(0.919529256895184,0.124177358496542,0.1));
#1563=CARTESIAN_POINT('Ctrl Pts',(0.911910241372242,0.146393865698033,0.1));
#1564=CARTESIAN_POINT('Ctrl Pts',(0.896733746127396,0.163184898768452,0.1));
#1565=CARTESIAN_POINT('',(0.903284580318666,0.04619494127033,0.1));
#1566=CARTESIAN_POINT('Ctrl Pts',(0.903284576051095,0.0461949442214605,
0.1));
#1567=CARTESIAN_POINT('Ctrl Pts',(0.914096992375911,0.061830561616646,0.1));
#1568=CARTESIAN_POINT('Ctrl Pts',(0.919529256895184,0.0805550921806557,
0.1));
#1569=CARTESIAN_POINT('Ctrl Pts',(0.919529256895184,0.100251593769414,0.1));
#1570=CARTESIAN_POINT('',(0.859521991678365,0.0118356944935659,0.1));
#1571=CARTESIAN_POINT('Ctrl Pts',(0.859522018902176,0.0118357051062129,
0.1));
#1572=CARTESIAN_POINT('Ctrl Pts',(0.877536759885907,0.018858399202322,0.1));
#1573=CARTESIAN_POINT('Ctrl Pts',(0.892758599664888,0.0306186354051673,
0.1));
#1574=CARTESIAN_POINT('Ctrl Pts',(0.903284575805806,0.0461949443199778,
0.1));
#1575=CARTESIAN_POINT('',(0.764467963054776,0.00184097576223098,0.1));
#1576=CARTESIAN_POINT('Ctrl Pts',(0.764467963054776,0.00184097576223098,
0.1));
#1577=CARTESIAN_POINT('Ctrl Pts',(0.809114026796708,0.00184097576223098,
0.1));
#1578=CARTESIAN_POINT('Ctrl Pts',(0.838530675880791,0.00365267630695706,
0.1));
#1579=CARTESIAN_POINT('Ctrl Pts',(0.859521991678365,0.0118356944935659,
0.1));
#1580=CARTESIAN_POINT('',(0.743690298870206,0.00184097576223098,0.1));
#1581=CARTESIAN_POINT('',(0.500723060723394,0.00184097576223098,0.1));
#1582=CARTESIAN_POINT('',(0.683690298870206,0.061840975762231,0.1));
#1583=CARTESIAN_POINT('Origin',(0.743690298870206,0.061840975762231,0.1));
#1584=CARTESIAN_POINT('',(0.683690298870206,0.137911901057584,0.1));
#1585=CARTESIAN_POINT('',(0.683690298870206,0.00889759431861125,0.1));
#1586=CARTESIAN_POINT('Origin',(0.743690298870206,0.137911901057584,0.1));
#1587=CARTESIAN_POINT('Origin',(0.743690298870206,0.137911901057584,0.));
#1588=CARTESIAN_POINT('',(0.683690298870206,0.137911901057584,0.));
#1589=CARTESIAN_POINT('',(0.743690298870206,0.197911901057584,0.));
#1590=CARTESIAN_POINT('Origin',(0.743690298870206,0.137911901057584,0.));
#1591=CARTESIAN_POINT('',(0.743690298870206,0.197911901057584,0.));
#1592=CARTESIAN_POINT('',(0.683690298870206,0.137911901057584,0.));
#1593=CARTESIAN_POINT('Origin',(0.703690298870206,0.197911901057584,0.));
#1594=CARTESIAN_POINT('',(0.757339694574475,0.197911901057584,0.));
#1595=CARTESIAN_POINT('',(0.470334228631109,0.197911901057584,0.));
#1596=CARTESIAN_POINT('',(0.757339694574475,0.197911901057584,0.));
#1597=CARTESIAN_POINT('Origin',(0.743690298870206,0.061840975762231,0.));
#1598=CARTESIAN_POINT('',(0.743690298870206,0.00184097576223098,0.));
#1599=CARTESIAN_POINT('',(0.683690298870206,0.061840975762231,0.));
#1600=CARTESIAN_POINT('Origin',(0.743690298870206,0.061840975762231,0.));
#1601=CARTESIAN_POINT('',(0.683690298870206,0.061840975762231,0.));
#1602=CARTESIAN_POINT('',(0.743690298870206,0.00184097576223098,0.));
#1603=CARTESIAN_POINT('Origin',(0.683690298870206,0.021840975762231,0.));
#1604=CARTESIAN_POINT('',(0.683690298870206,0.00889759431861125,0.));
#1605=CARTESIAN_POINT('Origin',(0.663690298870206,-0.239045804261344,0.));
#1606=CARTESIAN_POINT('',(0.663690298870206,-0.329045804261344,0.));
#1607=CARTESIAN_POINT('',(0.663690298870206,-0.329045804261344,0.));
#1608=CARTESIAN_POINT('Origin',(0.663690298870206,-0.239045804261344,0.));
#1609=CARTESIAN_POINT('Origin',(0.592639767602086,-0.329045804261344,0.));
#1610=CARTESIAN_POINT('',(0.632639767602086,-0.329045804261344,0.));
#1611=CARTESIAN_POINT('',(0.632639767602086,-0.329045804261344,0.));
#1612=CARTESIAN_POINT('',(0.414808962997049,-0.329045804261344,0.));
#1613=CARTESIAN_POINT('Origin',(0.632639767602086,-0.239045804261344,0.));
#1614=CARTESIAN_POINT('',(0.542639767602086,-0.239045804261344,0.));
#1615=CARTESIAN_POINT('',(0.542639767602086,-0.239045804261344,0.));
#1616=CARTESIAN_POINT('Origin',(0.632639767602086,-0.239045804261344,0.));
#1617=CARTESIAN_POINT('Origin',(0.764467963054776,0.00184097576223098,0.));
#1618=CARTESIAN_POINT('',(0.764467963054776,0.00184097576223098,0.));
#1619=CARTESIAN_POINT('',(0.764467963054776,0.00184097576223098,0.));
#1620=CARTESIAN_POINT('',(0.500723060723394,0.00184097576223098,0.));
#1621=CARTESIAN_POINT('Ctrl Pts',(0.859521991678365,0.0118356944935659,
0.));
#1622=CARTESIAN_POINT('Ctrl Pts',(0.859521991678365,0.0118356944935659,
0.1));
#1623=CARTESIAN_POINT('Ctrl Pts',(0.838530675880791,0.00365267630695706,
0.));
#1624=CARTESIAN_POINT('Ctrl Pts',(0.838530675880791,0.00365267630695706,
0.1));
#1625=CARTESIAN_POINT('Ctrl Pts',(0.809114026796708,0.00184097576223098,
0.));
#1626=CARTESIAN_POINT('Ctrl Pts',(0.809114026796708,0.00184097576223098,
0.1));
#1627=CARTESIAN_POINT('Ctrl Pts',(0.764467963054776,0.00184097576223098,
0.));
#1628=CARTESIAN_POINT('Ctrl Pts',(0.764467963054776,0.00184097576223098,
0.1));
#1629=CARTESIAN_POINT('',(0.859521991678365,0.0118356944935659,0.));
#1630=CARTESIAN_POINT('Ctrl Pts',(0.764467963054776,0.00184097576223098,
0.));
#1631=CARTESIAN_POINT('Ctrl Pts',(0.809114026796708,0.00184097576223098,
0.));
#1632=CARTESIAN_POINT('Ctrl Pts',(0.838530675880791,0.00365267630695706,
0.));
#1633=CARTESIAN_POINT('Ctrl Pts',(0.859521991678365,0.0118356944935659,
0.));
#1634=CARTESIAN_POINT('',(0.859521991678365,0.0118356944935659,0.));
#1635=CARTESIAN_POINT('Ctrl Pts',(0.903362308200042,0.0463101686421681,
0.));
#1636=CARTESIAN_POINT('Ctrl Pts',(0.903362308200042,0.0463101686421681,
0.1));
#1637=CARTESIAN_POINT('Ctrl Pts',(0.892833605531645,0.0306766260373441,
0.));
#1638=CARTESIAN_POINT('Ctrl Pts',(0.892833605531645,0.0306766260373441,
0.1));
#1639=CARTESIAN_POINT('Ctrl Pts',(0.877581153889102,0.0188757053353618,
0.));
#1640=CARTESIAN_POINT('Ctrl Pts',(0.877581153889102,0.0188757053353618,
0.1));
#1641=CARTESIAN_POINT('Ctrl Pts',(0.859522018902176,0.0118357051062129,
0.));
#1642=CARTESIAN_POINT('Ctrl Pts',(0.859522018902176,0.0118357051062129,
0.1));
#1643=CARTESIAN_POINT('',(0.903284580318674,0.0461949412703425,0.));
#1644=CARTESIAN_POINT('Ctrl Pts',(0.859522018902176,0.0118357051062129,
0.));
#1645=CARTESIAN_POINT('Ctrl Pts',(0.877536759885912,0.0188583992023238,
0.));
#1646=CARTESIAN_POINT('Ctrl Pts',(0.892758599664896,0.0306186354051736,
0.));
#1647=CARTESIAN_POINT('Ctrl Pts',(0.903284575805814,0.0461949443199903,
0.));
#1648=CARTESIAN_POINT('Ctrl Pts',(0.903284580318674,0.0461949412703425,
0.));
#1649=CARTESIAN_POINT('Ctrl Pts',(0.903284580318674,0.0461949412703425,
0.0166666666666667));
#1650=CARTESIAN_POINT('Ctrl Pts',(0.903284580318674,0.0461949412703425,
0.0333333333333333));
#1651=CARTESIAN_POINT('Ctrl Pts',(0.903284580318674,0.0461949412703425,
0.0666666666666667));
#1652=CARTESIAN_POINT('Ctrl Pts',(0.903284580318666,0.04619494127033,0.0833333333333333));
#1653=CARTESIAN_POINT('Ctrl Pts',(0.903284580318666,0.04619494127033,0.1));
#1654=CARTESIAN_POINT('Ctrl Pts',(0.919529256895184,0.100251593769414,0.));
#1655=CARTESIAN_POINT('Ctrl Pts',(0.919529256895184,0.100251593769414,0.1));
#1656=CARTESIAN_POINT('Ctrl Pts',(0.919529256895184,0.0805070530447988,
0.));
#1657=CARTESIAN_POINT('Ctrl Pts',(0.919529256895184,0.0805070530447988,
0.1));
#1658=CARTESIAN_POINT('Ctrl Pts',(0.914070461823753,0.0617392303390957,
0.));
#1659=CARTESIAN_POINT('Ctrl Pts',(0.914070461823753,0.0617392303390957,
0.1));
#1660=CARTESIAN_POINT('Ctrl Pts',(0.903205366629078,0.0460805950674403,
0.));
#1661=CARTESIAN_POINT('Ctrl Pts',(0.903205366629078,0.0460805950674403,
0.1));
#1662=CARTESIAN_POINT('',(0.919529256895184,0.100251593769414,0.));
#1663=CARTESIAN_POINT('Ctrl Pts',(0.903284576051104,0.0461949442214736,
0.));
#1664=CARTESIAN_POINT('Ctrl Pts',(0.914096992375914,0.0618305616166564,
0.));
#1665=CARTESIAN_POINT('Ctrl Pts',(0.919529256895184,0.0805550921806612,
0.));
#1666=CARTESIAN_POINT('Ctrl Pts',(0.919529256895184,0.100251593769414,0.));
#1667=CARTESIAN_POINT('',(0.919529256895184,0.100251593769414,0.));
#1668=CARTESIAN_POINT('Ctrl Pts',(0.896733746127396,0.163184898768452,0.));
#1669=CARTESIAN_POINT('Ctrl Pts',(0.896733746127396,0.163184898768452,0.1));
#1670=CARTESIAN_POINT('Ctrl Pts',(0.911910241372242,0.146393865698033,0.));
#1671=CARTESIAN_POINT('Ctrl Pts',(0.911910241372242,0.146393865698033,0.1));
#1672=CARTESIAN_POINT('Ctrl Pts',(0.919529256895184,0.124177358496542,0.));
#1673=CARTESIAN_POINT('Ctrl Pts',(0.919529256895184,0.124177358496542,0.1));
#1674=CARTESIAN_POINT('Ctrl Pts',(0.919529256895184,0.100251593769414,0.));
#1675=CARTESIAN_POINT('Ctrl Pts',(0.919529256895184,0.100251593769414,0.1));
#1676=CARTESIAN_POINT('',(0.896733746127396,0.163184898768452,0.));
#1677=CARTESIAN_POINT('Ctrl Pts',(0.919529256895184,0.100251593769414,0.));
#1678=CARTESIAN_POINT('Ctrl Pts',(0.919529256895184,0.124177358496542,0.));
#1679=CARTESIAN_POINT('Ctrl Pts',(0.911910241372242,0.146393865698033,0.));
#1680=CARTESIAN_POINT('Ctrl Pts',(0.896733746127396,0.163184898768452,0.));
#1681=CARTESIAN_POINT('',(0.896733746127396,0.163184898768452,0.));
#1682=CARTESIAN_POINT('Ctrl Pts',(0.840804708070768,0.193841953563491,0.));
#1683=CARTESIAN_POINT('Ctrl Pts',(0.840804708070768,0.193841953563491,0.1));
#1684=CARTESIAN_POINT('Ctrl Pts',(0.862652638317368,0.18989717498863,0.));
#1685=CARTESIAN_POINT('Ctrl Pts',(0.862652638317368,0.18989717498863,0.1));
#1686=CARTESIAN_POINT('Ctrl Pts',(0.882127753931594,0.179344736334986,0.));
#1687=CARTESIAN_POINT('Ctrl Pts',(0.882127753931594,0.179344736334986,0.1));
#1688=CARTESIAN_POINT('Ctrl Pts',(0.896733746127396,0.163184898768452,0.));
#1689=CARTESIAN_POINT('Ctrl Pts',(0.896733746127396,0.163184898768452,0.1));
#1690=CARTESIAN_POINT('',(0.840881100803447,0.193828133469482,0.));
#1691=CARTESIAN_POINT('Ctrl Pts',(0.896733746127396,0.163184898768452,0.));
#1692=CARTESIAN_POINT('Ctrl Pts',(0.882144779624638,0.179325899378868,0.));
#1693=CARTESIAN_POINT('Ctrl Pts',(0.862698034620349,0.189872566153858,0.));
#1694=CARTESIAN_POINT('Ctrl Pts',(0.840881100493477,0.193828131759845,0.));
#1695=CARTESIAN_POINT('Ctrl Pts',(0.840881100803447,0.193828133469482,0.));
#1696=CARTESIAN_POINT('Ctrl Pts',(0.840881100803447,0.193828133469482,0.0166666666666667));
#1697=CARTESIAN_POINT('Ctrl Pts',(0.840881100803462,0.193828133469479,0.0333333333333333));
#1698=CARTESIAN_POINT('Ctrl Pts',(0.840881100803462,0.193828133469479,0.0666666666666667));
#1699=CARTESIAN_POINT('Ctrl Pts',(0.840881100803462,0.193828133469479,0.0833333333333333));
#1700=CARTESIAN_POINT('Ctrl Pts',(0.840881100803462,0.193828133469479,0.1));
#1701=CARTESIAN_POINT('Ctrl Pts',(0.757339694574475,0.197911901057584,0.));
#1702=CARTESIAN_POINT('Ctrl Pts',(0.757339694574475,0.197911901057584,0.1));
#1703=CARTESIAN_POINT('Ctrl Pts',(0.797774522379041,0.197911901057584,0.));
#1704=CARTESIAN_POINT('Ctrl Pts',(0.797774522379041,0.197911901057584,0.1));
#1705=CARTESIAN_POINT('Ctrl Pts',(0.824099938655904,0.196994411084181,0.));
#1706=CARTESIAN_POINT('Ctrl Pts',(0.824099938655904,0.196994411084181,0.1));
#1707=CARTESIAN_POINT('Ctrl Pts',(0.840959187532985,0.19381343443707,0.));
#1708=CARTESIAN_POINT('Ctrl Pts',(0.840959187532985,0.19381343443707,0.1));
#1709=CARTESIAN_POINT('Ctrl Pts',(0.840881080930415,0.193828142547871,0.));
#1710=CARTESIAN_POINT('Ctrl Pts',(0.824018667418698,0.196997240183788,0.));
#1711=CARTESIAN_POINT('Ctrl Pts',(0.797712133427014,0.197911901057584,0.));
#1712=CARTESIAN_POINT('Ctrl Pts',(0.757339694574475,0.197911901057584,0.));
#1713=CARTESIAN_POINT('Origin',(0.542639767602086,0.270954192758424,0.));
#1714=CARTESIAN_POINT('',(0.542639767602086,0.133454202816708,0.));
#1715=CARTESIAN_POINT('Ctrl Pts',(0.915862267037713,0.310992587146393,0.));
#1716=CARTESIAN_POINT('Ctrl Pts',(0.915862267037713,0.310992587146393,0.1));
#1717=CARTESIAN_POINT('Ctrl Pts',(0.882087354479794,0.320054133091655,0.));
#1718=CARTESIAN_POINT('Ctrl Pts',(0.882087354479794,0.320054133091655,0.1));
#1719=CARTESIAN_POINT('Ctrl Pts',(0.839734506230631,0.320954192758424,0.));
#1720=CARTESIAN_POINT('Ctrl Pts',(0.839734506230631,0.320954192758424,0.1));
#1721=CARTESIAN_POINT('Ctrl Pts',(0.770845809057355,0.320954192758424,0.));
#1722=CARTESIAN_POINT('Ctrl Pts',(0.770845809057355,0.320954192758424,0.1));
#1723=CARTESIAN_POINT('',(0.915710698744503,0.31103315181521,0.));
#1724=CARTESIAN_POINT('Ctrl Pts',(0.770845809057355,0.320954192758424,0.));
#1725=CARTESIAN_POINT('Ctrl Pts',(0.839631446815162,0.320954192758424,0.));
#1726=CARTESIAN_POINT('Ctrl Pts',(0.881960573001594,0.320056824106043,0.));
#1727=CARTESIAN_POINT('Ctrl Pts',(0.915710624744561,0.31103320134969,0.));
#1728=CARTESIAN_POINT('Ctrl Pts',(0.915710698744503,0.31103315181521,0.));
#1729=CARTESIAN_POINT('Ctrl Pts',(0.915710698744503,0.31103315181521,0.0166666666666667));
#1730=CARTESIAN_POINT('Ctrl Pts',(0.915710698744521,0.311033151815205,0.0333333333333333));
#1731=CARTESIAN_POINT('Ctrl Pts',(0.915710698744521,0.311033151815205,0.0666666666666667));
#1732=CARTESIAN_POINT('Ctrl Pts',(0.915710698744521,0.311033151815205,0.0833333333333333));
#1733=CARTESIAN_POINT('Ctrl Pts',(0.915710698744521,0.311033151815205,0.1));
#1734=CARTESIAN_POINT('Ctrl Pts',(1.02176435777755,0.239074932584534,0.));
#1735=CARTESIAN_POINT('Ctrl Pts',(1.02176435777755,0.239074932584534,0.1));
#1736=CARTESIAN_POINT('Ctrl Pts',(0.994708247217963,0.274407002759062,0.));
#1737=CARTESIAN_POINT('Ctrl Pts',(0.994708247217963,0.274407002759062,0.1));
#1738=CARTESIAN_POINT('Ctrl Pts',(0.957714114921195,0.300032287212582,0.));
#1739=CARTESIAN_POINT('Ctrl Pts',(0.957714114921195,0.300032287212582,0.1));
#1740=CARTESIAN_POINT('Ctrl Pts',(0.915573853394104,0.311069044513929,0.));
#1741=CARTESIAN_POINT('Ctrl Pts',(0.915573853394104,0.311069044513929,0.1));
#1742=CARTESIAN_POINT('',(1.02169906704792,0.239160153910752,0.));
#1743=CARTESIAN_POINT('Ctrl Pts',(0.91571069779809,0.311033148212905,0.));
#1744=CARTESIAN_POINT('Ctrl Pts',(0.957760323652783,0.299985693047522,0.));
#1745=CARTESIAN_POINT('Ctrl Pts',(0.994678052902503,0.274409974046727,0.));
#1746=CARTESIAN_POINT('Ctrl Pts',(1.0216990654126,0.239160152657191,0.));
#1747=CARTESIAN_POINT('Ctrl Pts',(1.02169906704792,0.239160153910752,0.));
#1748=CARTESIAN_POINT('Ctrl Pts',(1.02169906704792,0.239160153910752,0.0166666666666667));
#1749=CARTESIAN_POINT('Ctrl Pts',(1.02169906704792,0.239160153910752,0.0333333333333333));
#1750=CARTESIAN_POINT('Ctrl Pts',(1.02169906704792,0.239160153910752,0.0666666666666667));
#1751=CARTESIAN_POINT('Ctrl Pts',(1.02169906704793,0.239160153910732,0.0833333333333333));
#1752=CARTESIAN_POINT('Ctrl Pts',(1.02169906704793,0.239160153910732,0.1));
#1753=CARTESIAN_POINT('Ctrl Pts',(1.06395631678402,0.101752289713246,0.));
#1754=CARTESIAN_POINT('Ctrl Pts',(1.06395631678402,0.101752289713246,0.1));
#1755=CARTESIAN_POINT('Ctrl Pts',(1.06395631678402,0.153617436101174,0.));
#1756=CARTESIAN_POINT('Ctrl Pts',(1.06395631678402,0.153617436101174,0.1));
#1757=CARTESIAN_POINT('Ctrl Pts',(1.05073485808215,0.201584544826993,0.));
#1758=CARTESIAN_POINT('Ctrl Pts',(1.05073485808215,0.201584544826993,0.1));
#1759=CARTESIAN_POINT('Ctrl Pts',(1.02163101289809,0.239248278479463,0.));
#1760=CARTESIAN_POINT('Ctrl Pts',(1.02163101289809,0.239248278479463,0.1));
#1761=CARTESIAN_POINT('',(1.06395631678402,0.101752289713246,0.));
#1762=CARTESIAN_POINT('Ctrl Pts',(1.02169906625668,0.239160153300125,0.));
#1763=CARTESIAN_POINT('Ctrl Pts',(1.05075546925878,0.201509736477992,0.));
#1764=CARTESIAN_POINT('Ctrl Pts',(1.06395631678402,0.153576993565152,0.));
#1765=CARTESIAN_POINT('Ctrl Pts',(1.06395631678402,0.101752289713246,0.));
#1766=CARTESIAN_POINT('',(1.06395631678402,0.101752289713246,0.));
#1767=CARTESIAN_POINT('Ctrl Pts',(1.03970378626788,-0.00691600026515934,
0.));
#1768=CARTESIAN_POINT('Ctrl Pts',(1.03970378626788,-0.00691600026515934,
0.1));
#1769=CARTESIAN_POINT('Ctrl Pts',(1.05672955125745,0.025050625985025,0.));
#1770=CARTESIAN_POINT('Ctrl Pts',(1.05672955125745,0.025050625985025,0.1));
#1771=CARTESIAN_POINT('Ctrl Pts',(1.06395631678402,0.0619375296667742,0.));
#1772=CARTESIAN_POINT('Ctrl Pts',(1.06395631678402,0.0619375296667742,0.1));
#1773=CARTESIAN_POINT('Ctrl Pts',(1.06395631678402,0.101752289713246,0.));
#1774=CARTESIAN_POINT('Ctrl Pts',(1.06395631678402,0.101752289713246,0.1));
#1775=CARTESIAN_POINT('',(1.03970378626788,-0.00691600026515934,0.));
#1776=CARTESIAN_POINT('Ctrl Pts',(1.06395631678402,0.101752289713246,0.));
#1777=CARTESIAN_POINT('Ctrl Pts',(1.06395631678402,0.0619375296667742,0.));
#1778=CARTESIAN_POINT('Ctrl Pts',(1.05672955125745,0.025050625985025,0.));
#1779=CARTESIAN_POINT('Ctrl Pts',(1.03970378626788,-0.00691600026515934,
0.));
#1780=CARTESIAN_POINT('',(1.03970378626788,-0.00691600026515934,0.));
#1781=CARTESIAN_POINT('Ctrl Pts',(0.976677607191506,-0.0792415025525037,
0.));
#1782=CARTESIAN_POINT('Ctrl Pts',(0.976677607191506,-0.0792415025525037,
0.1));
#1783=CARTESIAN_POINT('Ctrl Pts',(0.976877445886928,-0.0791021419341655,
0.));
#1784=CARTESIAN_POINT('Ctrl Pts',(0.976877445886928,-0.0791021419341655,
0.1));
#1785=CARTESIAN_POINT('Ctrl Pts',(0.97707728458235,-0.0789627813158273,
0.));
#1786=CARTESIAN_POINT('Ctrl Pts',(0.97707728458235,-0.0789627813158273,
0.1));
#1787=CARTESIAN_POINT('Ctrl Pts',(0.977277123277772,-0.0788234206974891,
0.));
#1788=CARTESIAN_POINT('Ctrl Pts',(0.977277123277772,-0.0788234206974891,
0.1));
#1789=CARTESIAN_POINT('Ctrl Pts',(1.00328446543488,-0.0606867966733366,
0.));
#1790=CARTESIAN_POINT('Ctrl Pts',(1.00328446543488,-0.0606867966733366,
0.1));
#1791=CARTESIAN_POINT('Ctrl Pts',(1.02427906097158,-0.0358768384809017,
0.));
#1792=CARTESIAN_POINT('Ctrl Pts',(1.02427906097158,-0.0358768384809017,
0.1));
#1793=CARTESIAN_POINT('Ctrl Pts',(1.03970386531769,-0.0069158518450328,
0.));
#1794=CARTESIAN_POINT('Ctrl Pts',(1.03970386531769,-0.0069158518450328,
0.1));
#1795=CARTESIAN_POINT('',(0.977221428357229,-0.0788622604154364,0.));
#1796=CARTESIAN_POINT('Ctrl Pts',(1.03970378626808,-0.00691600026525595,
0.));
#1797=CARTESIAN_POINT('Ctrl Pts',(1.02427898924235,-0.0358769232454998,
0.));
#1798=CARTESIAN_POINT('Ctrl Pts',(1.00328442100711,-0.0606868276557346,
0.));
#1799=CARTESIAN_POINT('Ctrl Pts',(0.977277123277772,-0.0788234206974891,
0.));
#1800=CARTESIAN_POINT('Ctrl Pts',(0.977258558304261,-0.0788363672701356,
0.));
#1801=CARTESIAN_POINT('Ctrl Pts',(0.977239993330751,-0.078849313842782,
0.));
#1802=CARTESIAN_POINT('Ctrl Pts',(0.97722142835724,-0.0788622604154285,
0.));
#1803=CARTESIAN_POINT('Ctrl Pts',(0.97722142835729,-0.0788622604153942,
0.1));
#1804=CARTESIAN_POINT('Ctrl Pts',(0.97722142835729,-0.0788622604153942,
0.0833333333333333));
#1805=CARTESIAN_POINT('Ctrl Pts',(0.97722142835729,-0.0788622604153942,
0.0666666666666667));
#1806=CARTESIAN_POINT('Ctrl Pts',(0.97722142835729,-0.0788622604153942,
0.0333333333333333));
#1807=CARTESIAN_POINT('Ctrl Pts',(0.977221428357229,-0.0788622604154364,
0.0166666666666667));
#1808=CARTESIAN_POINT('Ctrl Pts',(0.977221428357229,-0.0788622604154364,
0.));
#1809=CARTESIAN_POINT('Ctrl Pts',(0.901071897391676,-0.112736600743113,
0.));
#1810=CARTESIAN_POINT('Ctrl Pts',(0.901071897391676,-0.112736600743113,
0.1));
#1811=CARTESIAN_POINT('Ctrl Pts',(0.901355600011388,-0.112674768009742,
0.));
#1812=CARTESIAN_POINT('Ctrl Pts',(0.901355600011388,-0.112674768009742,
0.1));
#1813=CARTESIAN_POINT('Ctrl Pts',(0.901639302631101,-0.112612935276371,
0.));
#1814=CARTESIAN_POINT('Ctrl Pts',(0.901639302631101,-0.112612935276371,
0.1));
#1815=CARTESIAN_POINT('Ctrl Pts',(0.901923005250813,-0.112551102543,0.));
#1816=CARTESIAN_POINT('Ctrl Pts',(0.901923005250813,-0.112551102543,0.1));
#1817=CARTESIAN_POINT('Ctrl Pts',(0.928537963197456,-0.10675039615521,0.));
#1818=CARTESIAN_POINT('Ctrl Pts',(0.928537963197456,-0.10675039615521,0.1));
#1819=CARTESIAN_POINT('Ctrl Pts',(0.953833911159815,-0.0950776750314106,
0.));
#1820=CARTESIAN_POINT('Ctrl Pts',(0.953833911159815,-0.0950776750314106,
0.1));
#1821=CARTESIAN_POINT('Ctrl Pts',(0.977165628153283,-0.0789009487223224,
0.));
#1822=CARTESIAN_POINT('Ctrl Pts',(0.977165628153283,-0.0789009487223224,
0.1));
#1823=CARTESIAN_POINT('Ctrl Pts',(0.977385866947919,-0.0787482491715575,
0.));
#1824=CARTESIAN_POINT('Ctrl Pts',(0.977385866947919,-0.0787482491715575,
0.1));
#1825=CARTESIAN_POINT('Ctrl Pts',(0.977606105742556,-0.0785955496207923,
0.));
#1826=CARTESIAN_POINT('Ctrl Pts',(0.977606105742556,-0.0785955496207923,
0.1));
#1827=CARTESIAN_POINT('Ctrl Pts',(0.977826344537193,-0.078442850070027,
0.));
#1828=CARTESIAN_POINT('Ctrl Pts',(0.977826344537193,-0.078442850070027,
0.1));
#1829=CARTESIAN_POINT('',(0.901458556678079,-0.112652328695904,0.));
#1830=CARTESIAN_POINT('Ctrl Pts',(0.977221428357226,-0.0788622604154382,
0.));
#1831=CARTESIAN_POINT('Ctrl Pts',(0.977202828289245,-0.0788751565177329,
0.));
#1832=CARTESIAN_POINT('Ctrl Pts',(0.977184228221264,-0.0788880526200277,
0.));
#1833=CARTESIAN_POINT('Ctrl Pts',(0.977165628153283,-0.0789009487223224,
0.));
#1834=CARTESIAN_POINT('Ctrl Pts',(0.953833911159815,-0.0950776750314106,
0.));
#1835=CARTESIAN_POINT('Ctrl Pts',(0.928537963197456,-0.10675039615521,0.));
#1836=CARTESIAN_POINT('Ctrl Pts',(0.901923005250813,-0.112551102543,0.));
#1837=CARTESIAN_POINT('Ctrl Pts',(0.901768189059903,-0.112584844593968,
0.));
#1838=CARTESIAN_POINT('Ctrl Pts',(0.901613372868993,-0.112618586644935,
0.));
#1839=CARTESIAN_POINT('Ctrl Pts',(0.901458556678084,-0.112652328695903,
0.));
#1840=CARTESIAN_POINT('Ctrl Pts',(0.90145855667808,-0.112652328695904,0.));
#1841=CARTESIAN_POINT('Ctrl Pts',(0.90145855667808,-0.112652328695904,0.0166666666666667));
#1842=CARTESIAN_POINT('Ctrl Pts',(0.90145855667808,-0.112652328695904,0.0333333333333333));
#1843=CARTESIAN_POINT('Ctrl Pts',(0.90145855667808,-0.112652328695904,0.0666666666666667));
#1844=CARTESIAN_POINT('Ctrl Pts',(0.90145855667808,-0.112652328695904,0.0833333333333333));
#1845=CARTESIAN_POINT('Ctrl Pts',(0.90145855667808,-0.112652328695904,0.1));
#1846=CARTESIAN_POINT('Ctrl Pts',(0.776098170354962,-0.121576489924567,
0.));
#1847=CARTESIAN_POINT('Ctrl Pts',(0.776098170354962,-0.121576489924567,
0.1));
#1848=CARTESIAN_POINT('Ctrl Pts',(0.828112297779199,-0.121576489924567,
0.));
#1849=CARTESIAN_POINT('Ctrl Pts',(0.828112297779199,-0.121576489924567,
0.1));
#1850=CARTESIAN_POINT('Ctrl Pts',(0.868570442629228,-0.119167867070939,
0.));
#1851=CARTESIAN_POINT('Ctrl Pts',(0.868570442629228,-0.119167867070939,
0.1));
#1852=CARTESIAN_POINT('Ctrl Pts',(0.900992267508018,-0.11274470629399,0.));
#1853=CARTESIAN_POINT('Ctrl Pts',(0.900992267508018,-0.11274470629399,0.1));
#1854=CARTESIAN_POINT('Ctrl Pts',(0.90131001335457,-0.11268175694841,0.));
#1855=CARTESIAN_POINT('Ctrl Pts',(0.90131001335457,-0.11268175694841,0.1));
#1856=CARTESIAN_POINT('Ctrl Pts',(0.90162775920112,-0.112618807602831,0.));
#1857=CARTESIAN_POINT('Ctrl Pts',(0.90162775920112,-0.112618807602831,0.1));
#1858=CARTESIAN_POINT('Ctrl Pts',(0.901945505047671,-0.112555858257252,
0.));
#1859=CARTESIAN_POINT('Ctrl Pts',(0.901945505047671,-0.112555858257252,
0.1));
#1860=CARTESIAN_POINT('Ctrl Pts',(0.901458556678076,-0.112652328695905,
0.));
#1861=CARTESIAN_POINT('Ctrl Pts',(0.901303126954723,-0.1126831212286,0.));
#1862=CARTESIAN_POINT('Ctrl Pts',(0.901147697231372,-0.112713913761295,
0.));
#1863=CARTESIAN_POINT('Ctrl Pts',(0.900992267508018,-0.11274470629399,0.));
#1864=CARTESIAN_POINT('Ctrl Pts',(0.870131768513774,-0.118858549282099,
0.));
#1865=CARTESIAN_POINT('Ctrl Pts',(0.831993399781443,-0.121308075290726,
0.));
#1866=CARTESIAN_POINT('Ctrl Pts',(0.783535847477667,-0.121557556454083,
0.));
#1867=CARTESIAN_POINT('Origin',(0.236978158392012,-0.00404578712500847,
0.));
#1868=CARTESIAN_POINT('Origin',(0.233627014054864,0.280954192758424,0.));
#1869=CARTESIAN_POINT('',(0.195651775362462,0.293519273190124,0.1));
#1870=CARTESIAN_POINT('',(0.233627014054864,0.320954192758424,0.1));
#1871=CARTESIAN_POINT('Origin',(0.233627014054864,0.280954192758424,0.1));
#1872=CARTESIAN_POINT('',(0.233627014054864,0.320954192758424,0.));
#1873=CARTESIAN_POINT('',(0.233627014054864,0.320954192758424,0.));
#1874=CARTESIAN_POINT('',(0.195651775362462,0.293519273190124,0.));
#1875=CARTESIAN_POINT('Origin',(0.233627014054864,0.280954192758424,0.));
#1876=CARTESIAN_POINT('',(0.195651775362462,0.293519273190124,0.));
#1877=CARTESIAN_POINT('Origin',(0.188185540512204,0.270954192758424,0.));
#1878=CARTESIAN_POINT('',(0.0815133230179241,-0.0514395191809947,0.));
#1879=CARTESIAN_POINT('',(0.0534993088990449,-0.136105819462912,0.));
#1880=CARTESIAN_POINT('',(0.0815133230179241,-0.0514395191809947,0.1));
#1881=CARTESIAN_POINT('',(0.0815133230179241,-0.0514395191809947,0.));
#1882=CARTESIAN_POINT('',(0.0534993088990449,-0.136105819462912,0.1));
#1883=CARTESIAN_POINT('Origin',(0.00697815839201199,-0.00404578712500847,
0.));
#1884=CARTESIAN_POINT('',(0.249176754579175,0.320954192758424,0.));
#1885=CARTESIAN_POINT('',(-0.0393553888238968,0.320954192758424,0.));
#1886=CARTESIAN_POINT('',(0.333907342982984,0.20061070270299,0.));
#1887=CARTESIAN_POINT('Origin',(0.249176754579175,0.230954192758424,0.));
#1888=CARTESIAN_POINT('',(0.165592210227669,-0.269389294316777,0.));
#1889=CARTESIAN_POINT('',(0.193941168733826,-0.190228198131938,0.));
#1890=CARTESIAN_POINT('',(0.0808616218238592,-0.329045804261344,0.));
#1891=CARTESIAN_POINT('Origin',(0.0808616218238592,-0.239045804261344,0.));
#1892=CARTESIAN_POINT('',(0.0186516828483145,-0.329045804261344,0.));
#1893=CARTESIAN_POINT('',(-0.00127558315172804,-0.329045804261344,0.));
#1894=CARTESIAN_POINT('',(-0.0660972377736003,-0.269338054977003,0.));
#1895=CARTESIAN_POINT('Origin',(0.0186516828483145,-0.239045804261344,0.));
#1896=CARTESIAN_POINT('',(-0.234091799139146,0.200661942042764,0.));
#1897=CARTESIAN_POINT('',(-0.197551329891191,0.0984323204523958,0.));
#1898=CARTESIAN_POINT('',(-0.149342878517231,0.320954192758424,0.));
#1899=CARTESIAN_POINT('Origin',(-0.149342878517231,0.230954192758424,0.));
#1900=CARTESIAN_POINT('',(-0.131382061916248,0.320954192758424,0.));
#1901=CARTESIAN_POINT('',(-0.0393553888238968,0.320954192758424,0.));
#1902=CARTESIAN_POINT('',(-0.0935335344574116,0.293895945699882,0.));
#1903=CARTESIAN_POINT('Origin',(-0.131382061916248,0.280954192758424,0.));
#1904=CARTESIAN_POINT('',(0.0246454984044954,-0.051722023563313,0.));
#1905=CARTESIAN_POINT('',(-0.0856889360398055,0.270954192758424,0.));
#1906=CARTESIAN_POINT('Origin',(0.0530318939986225,-0.0420157088572197,
0.));
#1907=CARTESIAN_POINT('Origin',(-0.131382061916248,0.280954192758424,0.));
#1908=CARTESIAN_POINT('',(-0.131382061916248,0.320954192758424,0.1));
#1909=CARTESIAN_POINT('',(-0.0935335344574116,0.293895945699882,0.1));
#1910=CARTESIAN_POINT('Origin',(-0.131382061916248,0.280954192758424,0.1));
#1911=CARTESIAN_POINT('',(-0.0935335344574116,0.293895945699882,0.));
#1912=CARTESIAN_POINT('',(-0.131382061916248,0.320954192758424,0.));
#1913=CARTESIAN_POINT('Origin',(0.0534993088990449,-0.136105819462912,0.));
#1914=CARTESIAN_POINT('',(0.0246454984044954,-0.051722023563313,0.1));
#1915=CARTESIAN_POINT('',(-0.0856889360398055,0.270954192758424,0.1));
#1916=CARTESIAN_POINT('',(0.0246454984044954,-0.051722023563313,0.));
#1917=CARTESIAN_POINT('Origin',(0.00697815839201199,-0.00404578712500847,
0.1));
#1918=CARTESIAN_POINT('Origin',(0.0530318939986225,-0.0420157088572197,
0.1));
#1919=CARTESIAN_POINT('',(-0.149342878517231,0.320954192758424,0.1));
#1920=CARTESIAN_POINT('',(-0.0393553888238968,0.320954192758424,0.1));
#1921=CARTESIAN_POINT('',(-0.234091799139146,0.200661942042764,0.1));
#1922=CARTESIAN_POINT('Origin',(-0.149342878517231,0.230954192758424,0.1));
#1923=CARTESIAN_POINT('',(-0.0660972377736003,-0.269338054977003,0.1));
#1924=CARTESIAN_POINT('',(-0.197551329891191,0.0984323204523958,0.1));
#1925=CARTESIAN_POINT('',(0.0186516828483145,-0.329045804261344,0.1));
#1926=CARTESIAN_POINT('Origin',(0.0186516828483145,-0.239045804261344,0.1));
#1927=CARTESIAN_POINT('',(0.0808616218238592,-0.329045804261344,0.1));
#1928=CARTESIAN_POINT('',(-0.00127558315172804,-0.329045804261344,0.1));
#1929=CARTESIAN_POINT('',(0.165592210227669,-0.269389294316777,0.1));
#1930=CARTESIAN_POINT('Origin',(0.0808616218238592,-0.239045804261344,0.1));
#1931=CARTESIAN_POINT('',(0.333907342982984,0.20061070270299,0.1));
#1932=CARTESIAN_POINT('',(0.193941168733826,-0.190228198131938,0.1));
#1933=CARTESIAN_POINT('',(0.249176754579175,0.320954192758424,0.1));
#1934=CARTESIAN_POINT('Origin',(0.249176754579175,0.230954192758424,0.1));
#1935=CARTESIAN_POINT('',(-0.0393553888238968,0.320954192758424,0.1));
#1936=CARTESIAN_POINT('Origin',(0.0530318939986225,-0.0420157088572197,
0.));
#1937=CARTESIAN_POINT('Origin',(-0.149342878517231,0.230954192758424,0.));
#1938=CARTESIAN_POINT('',(-0.149342878517231,0.320954192758424,0.));
#1939=CARTESIAN_POINT('',(-0.234091799139146,0.200661942042764,0.));
#1940=CARTESIAN_POINT('Origin',(-0.0856889360398055,0.320954192758424,0.));
#1941=CARTESIAN_POINT('Origin',(-0.0856889360398055,0.320954192758424,0.));
#1942=CARTESIAN_POINT('',(0.249176754579175,0.320954192758424,0.));
#1943=CARTESIAN_POINT('Origin',(0.249176754579175,0.230954192758424,0.));
#1944=CARTESIAN_POINT('',(0.333907342982984,0.20061070270299,0.));
#1945=CARTESIAN_POINT('Origin',(0.0186516828483145,-0.239045804261344,0.));
#1946=CARTESIAN_POINT('',(-0.0660972377736003,-0.269338054977003,0.));
#1947=CARTESIAN_POINT('',(0.0186516828483145,-0.329045804261344,0.));
#1948=CARTESIAN_POINT('Origin',(-0.00952932469546808,-0.329045804261344,
0.));
#1949=CARTESIAN_POINT('',(0.0808616218238592,-0.329045804261344,0.));
#1950=CARTESIAN_POINT('Origin',(0.0808616218238592,-0.239045804261344,0.));
#1951=CARTESIAN_POINT('',(0.165592210227669,-0.269389294316777,0.));
#1952=CARTESIAN_POINT('Origin',(-0.25320143887701,0.254125164583058,0.));
#1953=CARTESIAN_POINT('Origin',(0.156097086393429,-0.295903298736585,0.));
#1954=CARTESIAN_POINT('Ctrl Pts',(-0.832428369447589,-0.145485094606059,
0.));
#1955=CARTESIAN_POINT('Ctrl Pts',(-0.832428369447589,-0.145485094606059,
0.1));
#1956=CARTESIAN_POINT('Ctrl Pts',(-0.875572986677289,-0.0970880974523,0.));
#1957=CARTESIAN_POINT('Ctrl Pts',(-0.875572986677289,-0.0970880974523,0.1));
#1958=CARTESIAN_POINT('Ctrl Pts',(-0.875572986677289,-0.00367063176550187,
0.));
#1959=CARTESIAN_POINT('Ctrl Pts',(-0.875572986677289,-0.00367063176550187,
0.1));
#1960=CARTESIAN_POINT('',(-0.875572986677289,-0.00367063176550187,0.));
#1961=CARTESIAN_POINT('',(-0.832428369447589,-0.145485094606059,0.));
#1962=CARTESIAN_POINT('Ctrl Pts',(-0.875572986677289,-0.00367063176550187,
0.));
#1963=CARTESIAN_POINT('Ctrl Pts',(-0.875572986677289,-0.0970880974523,0.));
#1964=CARTESIAN_POINT('Ctrl Pts',(-0.832428369447589,-0.145485094606059,
0.));
#1965=CARTESIAN_POINT('',(-0.875572986677289,-0.00367063176550187,0.1));
#1966=CARTESIAN_POINT('',(-0.875572986677289,-0.00367063176550187,0.));
#1967=CARTESIAN_POINT('',(-0.832428369447589,-0.145485094606059,0.1));
#1968=CARTESIAN_POINT('Ctrl Pts',(-0.832428369447589,-0.145485094606059,
0.1));
#1969=CARTESIAN_POINT('Ctrl Pts',(-0.875572986677289,-0.0970880974523,0.1));
#1970=CARTESIAN_POINT('Ctrl Pts',(-0.875572986677289,-0.00367063176550187,
0.1));
#1971=CARTESIAN_POINT('',(-0.832428369447589,-0.145485094606059,0.));
#1972=CARTESIAN_POINT('Ctrl Pts',(-0.722878590002656,-0.19350691777386,
0.));
#1973=CARTESIAN_POINT('Ctrl Pts',(-0.722878590002656,-0.19350691777386,
0.1));
#1974=CARTESIAN_POINT('Ctrl Pts',(-0.789283770844341,-0.19350691777386,
0.));
#1975=CARTESIAN_POINT('Ctrl Pts',(-0.789283770844341,-0.19350691777386,
0.1));
#1976=CARTESIAN_POINT('Ctrl Pts',(-0.832428369447589,-0.145485094606059,
0.));
#1977=CARTESIAN_POINT('Ctrl Pts',(-0.832428369447589,-0.145485094606059,
0.1));
#1978=CARTESIAN_POINT('',(-0.722878590002656,-0.19350691777386,0.));
#1979=CARTESIAN_POINT('Ctrl Pts',(-0.832428369447589,-0.145485094606059,
0.));
#1980=CARTESIAN_POINT('Ctrl Pts',(-0.789283770844341,-0.19350691777386,
0.));
#1981=CARTESIAN_POINT('Ctrl Pts',(-0.722878590002656,-0.19350691777386,
0.));
#1982=CARTESIAN_POINT('',(-0.722878590002656,-0.19350691777386,0.1));
#1983=CARTESIAN_POINT('Ctrl Pts',(-0.722878590002656,-0.19350691777386,
0.1));
#1984=CARTESIAN_POINT('Ctrl Pts',(-0.789283770844341,-0.19350691777386,
0.1));
#1985=CARTESIAN_POINT('Ctrl Pts',(-0.832428369447589,-0.145485094606059,
0.1));
#1986=CARTESIAN_POINT('',(-0.722878590002656,-0.19350691777386,0.));
#1987=CARTESIAN_POINT('Ctrl Pts',(-0.614079121276736,-0.145860268592017,
0.));
#1988=CARTESIAN_POINT('Ctrl Pts',(-0.614079121276736,-0.145860268592017,
0.1));
#1989=CARTESIAN_POINT('Ctrl Pts',(-0.656473409160972,-0.19350691777386,
0.));
#1990=CARTESIAN_POINT('Ctrl Pts',(-0.656473409160972,-0.19350691777386,
0.1));
#1991=CARTESIAN_POINT('Ctrl Pts',(-0.722878590002656,-0.19350691777386,
0.));
#1992=CARTESIAN_POINT('Ctrl Pts',(-0.722878590002656,-0.19350691777386,
0.1));
#1993=CARTESIAN_POINT('',(-0.614079121276736,-0.145860268592017,0.));
#1994=CARTESIAN_POINT('Ctrl Pts',(-0.722878590002656,-0.19350691777386,
0.));
#1995=CARTESIAN_POINT('Ctrl Pts',(-0.656473409160972,-0.19350691777386,
0.));
#1996=CARTESIAN_POINT('Ctrl Pts',(-0.614079121276736,-0.145860268592017,
0.));
#1997=CARTESIAN_POINT('',(-0.614079121276736,-0.145860268592017,0.1));
#1998=CARTESIAN_POINT('Ctrl Pts',(-0.614079121276736,-0.145860268592017,
0.1));
#1999=CARTESIAN_POINT('Ctrl Pts',(-0.656473409160972,-0.19350691777386,
0.1));
#2000=CARTESIAN_POINT('Ctrl Pts',(-0.722878590002656,-0.19350691777386,
0.1));
#2001=CARTESIAN_POINT('',(-0.614079121276736,-0.145860268592017,0.));
#2002=CARTESIAN_POINT('Ctrl Pts',(-0.571309696659446,-0.00216993582166947,
0.));
#2003=CARTESIAN_POINT('Ctrl Pts',(-0.571309696659446,-0.00216993582166947,
0.1));
#2004=CARTESIAN_POINT('Ctrl Pts',(-0.571309696659446,-0.0978384454242162,
0.));
#2005=CARTESIAN_POINT('Ctrl Pts',(-0.571309696659446,-0.0978384454242162,
0.1));
#2006=CARTESIAN_POINT('Ctrl Pts',(-0.614079121276736,-0.145860268592017,
0.));
#2007=CARTESIAN_POINT('Ctrl Pts',(-0.614079121276736,-0.145860268592017,
0.1));
#2008=CARTESIAN_POINT('',(-0.571309696659446,-0.00216993582166947,0.));
#2009=CARTESIAN_POINT('Ctrl Pts',(-0.614079121276736,-0.145860268592017,
0.));
#2010=CARTESIAN_POINT('Ctrl Pts',(-0.571309696659446,-0.0978384454242162,
0.));
#2011=CARTESIAN_POINT('Ctrl Pts',(-0.571309696659446,-0.00216993582166947,
0.));
#2012=CARTESIAN_POINT('',(-0.571309696659446,-0.00216993582166947,0.1));
#2013=CARTESIAN_POINT('Ctrl Pts',(-0.571309696659446,-0.00216993582166947,
0.1));
#2014=CARTESIAN_POINT('Ctrl Pts',(-0.571309696659446,-0.0978384454242162,
0.1));
#2015=CARTESIAN_POINT('Ctrl Pts',(-0.614079121276736,-0.145860268592017,
0.1));
#2016=CARTESIAN_POINT('',(-0.571309696659446,-0.00216993582166947,0.));
#2017=CARTESIAN_POINT('Ctrl Pts',(-0.612953599318862,0.138894179046971,
0.));
#2018=CARTESIAN_POINT('Ctrl Pts',(-0.612953599318862,0.138894179046971,
0.1));
#2019=CARTESIAN_POINT('Ctrl Pts',(-0.571309696659446,0.0923730145700999,
0.));
#2020=CARTESIAN_POINT('Ctrl Pts',(-0.571309696659446,0.0923730145700999,
0.1));
#2021=CARTESIAN_POINT('Ctrl Pts',(-0.571309696659446,-0.00216993582166947,
0.));
#2022=CARTESIAN_POINT('Ctrl Pts',(-0.571309696659446,-0.00216993582166947,
0.1));
#2023=CARTESIAN_POINT('',(-0.612953599318862,0.138894179046971,0.));
#2024=CARTESIAN_POINT('Ctrl Pts',(-0.571309696659446,-0.00216993582166947,
0.));
#2025=CARTESIAN_POINT('Ctrl Pts',(-0.571309696659446,0.0923730145700999,
0.));
#2026=CARTESIAN_POINT('Ctrl Pts',(-0.612953599318862,0.138894179046971,
0.));
#2027=CARTESIAN_POINT('',(-0.612953599318862,0.138894179046971,0.1));
#2028=CARTESIAN_POINT('Ctrl Pts',(-0.612953599318862,0.138894179046971,
0.1));
#2029=CARTESIAN_POINT('Ctrl Pts',(-0.571309696659446,0.0923730145700999,
0.1));
#2030=CARTESIAN_POINT('Ctrl Pts',(-0.571309696659446,-0.00216993582166947,
0.1));
#2031=CARTESIAN_POINT('',(-0.612953599318862,0.138894179046971,0.));
#2032=CARTESIAN_POINT('Ctrl Pts',(-0.722878590002656,0.18541530627094,0.));
#2033=CARTESIAN_POINT('Ctrl Pts',(-0.722878590002656,0.18541530627094,0.1));
#2034=CARTESIAN_POINT('Ctrl Pts',(-0.654222365245223,0.18541530627094,0.));
#2035=CARTESIAN_POINT('Ctrl Pts',(-0.654222365245223,0.18541530627094,0.1));
#2036=CARTESIAN_POINT('Ctrl Pts',(-0.612953599318862,0.138894179046971,
0.));
#2037=CARTESIAN_POINT('Ctrl Pts',(-0.612953599318862,0.138894179046971,
0.1));
#2038=CARTESIAN_POINT('',(-0.722878590002656,0.18541530627094,0.));
#2039=CARTESIAN_POINT('Ctrl Pts',(-0.612953599318862,0.138894179046971,
0.));
#2040=CARTESIAN_POINT('Ctrl Pts',(-0.654222365245223,0.18541530627094,0.));
#2041=CARTESIAN_POINT('Ctrl Pts',(-0.722878590002656,0.18541530627094,0.));
#2042=CARTESIAN_POINT('',(-0.722878590002656,0.18541530627094,0.1));
#2043=CARTESIAN_POINT('Ctrl Pts',(-0.722878590002656,0.18541530627094,0.1));
#2044=CARTESIAN_POINT('Ctrl Pts',(-0.654222365245223,0.18541530627094,0.1));
#2045=CARTESIAN_POINT('Ctrl Pts',(-0.612953599318862,0.138894179046971,
0.1));
#2046=CARTESIAN_POINT('',(-0.722878590002656,0.18541530627094,0.));
#2047=CARTESIAN_POINT('Ctrl Pts',(-0.833553891405464,0.138143831075055,
0.));
#2048=CARTESIAN_POINT('Ctrl Pts',(-0.833553891405464,0.138143831075055,
0.1));
#2049=CARTESIAN_POINT('Ctrl Pts',(-0.791534796133638,0.18541530627094,0.));
#2050=CARTESIAN_POINT('Ctrl Pts',(-0.791534796133638,0.18541530627094,0.1));
#2051=CARTESIAN_POINT('Ctrl Pts',(-0.722878590002656,0.18541530627094,0.));
#2052=CARTESIAN_POINT('Ctrl Pts',(-0.722878590002656,0.18541530627094,0.1));
#2053=CARTESIAN_POINT('',(-0.833553891405464,0.138143831075055,0.));
#2054=CARTESIAN_POINT('Ctrl Pts',(-0.722878590002656,0.18541530627094,0.));
#2055=CARTESIAN_POINT('Ctrl Pts',(-0.791534796133638,0.18541530627094,0.));
#2056=CARTESIAN_POINT('Ctrl Pts',(-0.833553891405464,0.138143831075055,
0.));
#2057=CARTESIAN_POINT('',(-0.833553891405464,0.138143831075055,0.1));
#2058=CARTESIAN_POINT('Ctrl Pts',(-0.833553891405464,0.138143831075055,
0.1));
#2059=CARTESIAN_POINT('Ctrl Pts',(-0.791534796133638,0.18541530627094,0.1));
#2060=CARTESIAN_POINT('Ctrl Pts',(-0.722878590002656,0.18541530627094,0.1));
#2061=CARTESIAN_POINT('',(-0.833553891405464,0.138143831075055,0.));
#2062=CARTESIAN_POINT('Ctrl Pts',(-0.875572986677289,-0.00367063176550187,
0.));
#2063=CARTESIAN_POINT('Ctrl Pts',(-0.875572986677289,-0.00367063176550187,
0.1));
#2064=CARTESIAN_POINT('Ctrl Pts',(-0.875572986677289,0.0912474926122256,
0.));
#2065=CARTESIAN_POINT('Ctrl Pts',(-0.875572986677289,0.0912474926122256,
0.1));
#2066=CARTESIAN_POINT('Ctrl Pts',(-0.833553891405464,0.138143831075055,
0.));
#2067=CARTESIAN_POINT('Ctrl Pts',(-0.833553891405464,0.138143831075055,
0.1));
#2068=CARTESIAN_POINT('Ctrl Pts',(-0.833553891405464,0.138143831075055,
0.));
#2069=CARTESIAN_POINT('Ctrl Pts',(-0.875572986677289,0.0912474926122256,
0.));
#2070=CARTESIAN_POINT('Ctrl Pts',(-0.875572986677289,-0.00367063176550187,
0.));
#2071=CARTESIAN_POINT('Ctrl Pts',(-0.875572986677289,-0.00367063176550187,
0.1));
#2072=CARTESIAN_POINT('Ctrl Pts',(-0.875572986677289,0.0912474926122256,
0.1));
#2073=CARTESIAN_POINT('Ctrl Pts',(-0.833553891405464,0.138143831075055,
0.1));
#2074=CARTESIAN_POINT('Ctrl Pts',(-1.01011327463642,0.154949484994532,0.));
#2075=CARTESIAN_POINT('Ctrl Pts',(-1.01011327463642,0.154949484994532,0.1));
#2076=CARTESIAN_POINT('Ctrl Pts',(-1.01028085079794,0.154569312165699,0.));
#2077=CARTESIAN_POINT('Ctrl Pts',(-1.01028085079794,0.154569312165699,0.1));
#2078=CARTESIAN_POINT('Ctrl Pts',(-1.01044842695946,0.154189139336866,0.));
#2079=CARTESIAN_POINT('Ctrl Pts',(-1.01044842695946,0.154189139336866,0.1));
#2080=CARTESIAN_POINT('Ctrl Pts',(-1.01061600312099,0.153808966508033,0.));
#2081=CARTESIAN_POINT('Ctrl Pts',(-1.01061600312099,0.153808966508033,0.1));
#2082=CARTESIAN_POINT('Ctrl Pts',(-1.03102996997028,0.107496678088021,0.));
#2083=CARTESIAN_POINT('Ctrl Pts',(-1.03102996997028,0.107496678088021,0.1));
#2084=CARTESIAN_POINT('Ctrl Pts',(-1.04,0.0535882452687514,0.));
#2085=CARTESIAN_POINT('Ctrl Pts',(-1.04,0.0535882452687514,0.1));
#2086=CARTESIAN_POINT('Ctrl Pts',(-1.04,-0.00742233437217988,0.));
#2087=CARTESIAN_POINT('Ctrl Pts',(-1.04,-0.00742233437217988,0.1));
#2088=CARTESIAN_POINT('',(-1.04,-0.00742233437217988,0.));
#2089=CARTESIAN_POINT('',(-1.01056849138942,0.153916754329581,0.));
#2090=CARTESIAN_POINT('Ctrl Pts',(-1.04,-0.00742233437217988,0.));
#2091=CARTESIAN_POINT('Ctrl Pts',(-1.04,0.0535882452687514,0.));
#2092=CARTESIAN_POINT('Ctrl Pts',(-1.03102996997028,0.107496678088021,0.));
#2093=CARTESIAN_POINT('Ctrl Pts',(-1.01061600312099,0.153808966508033,0.));
#2094=CARTESIAN_POINT('Ctrl Pts',(-1.01060016587713,0.153844895781879,0.));
#2095=CARTESIAN_POINT('Ctrl Pts',(-1.01058432863328,0.153880825055725,0.));
#2096=CARTESIAN_POINT('Ctrl Pts',(-1.01056849138942,0.153916754329571,0.));
#2097=CARTESIAN_POINT('',(-1.04,-0.00742233437217988,0.1));
#2098=CARTESIAN_POINT('',(-1.04,-0.00742233437217988,0.));
#2099=CARTESIAN_POINT('',(-1.01056849138942,0.153916754329581,0.1));
#2100=CARTESIAN_POINT('Ctrl Pts',(-1.04,-0.00742233437217988,0.1));
#2101=CARTESIAN_POINT('Ctrl Pts',(-1.04,0.0535882452687514,0.1));
#2102=CARTESIAN_POINT('Ctrl Pts',(-1.03102996997028,0.107496678088021,0.1));
#2103=CARTESIAN_POINT('Ctrl Pts',(-1.01061600312099,0.153808966508033,0.1));
#2104=CARTESIAN_POINT('Ctrl Pts',(-1.01060016587713,0.153844895781881,0.1));
#2105=CARTESIAN_POINT('Ctrl Pts',(-1.01058432863328,0.153880825055728,0.1));
#2106=CARTESIAN_POINT('Ctrl Pts',(-1.01056849138942,0.153916754329575,0.1));
#2107=CARTESIAN_POINT('Ctrl Pts',(-1.01056849138942,0.153916754329581,0.1));
#2108=CARTESIAN_POINT('Ctrl Pts',(-1.01056849138942,0.153916754329581,0.0833333333333334));
#2109=CARTESIAN_POINT('Ctrl Pts',(-1.01056849138942,0.153916754329581,0.0666666666666667));
#2110=CARTESIAN_POINT('Ctrl Pts',(-1.01056849138942,0.153916754329581,0.0333333333333334));
#2111=CARTESIAN_POINT('Ctrl Pts',(-1.01056849138942,0.153916754329581,0.0166666666666667));
#2112=CARTESIAN_POINT('Ctrl Pts',(-1.01056849138942,0.153916754329581,0.));
#2113=CARTESIAN_POINT('Ctrl Pts',(-0.949151217105345,0.244463006549191,
0.));
#2114=CARTESIAN_POINT('Ctrl Pts',(-0.949151217105345,0.244463006549191,
0.1));
#2115=CARTESIAN_POINT('Ctrl Pts',(-0.949366314901516,0.244240405552697,
0.));
#2116=CARTESIAN_POINT('Ctrl Pts',(-0.949366314901516,0.244240405552697,
0.1));
#2117=CARTESIAN_POINT('Ctrl Pts',(-0.94958141269768,0.244017804556211,0.));
#2118=CARTESIAN_POINT('Ctrl Pts',(-0.94958141269768,0.244017804556211,0.1));
#2119=CARTESIAN_POINT('Ctrl Pts',(-0.949796510493852,0.243795203559718,
0.));
#2120=CARTESIAN_POINT('Ctrl Pts',(-0.949796510493852,0.243795203559718,
0.1));
#2121=CARTESIAN_POINT('Ctrl Pts',(-0.975224477942119,0.217480238955036,
0.));
#2122=CARTESIAN_POINT('Ctrl Pts',(-0.975224477942119,0.217480238955036,
0.1));
#2123=CARTESIAN_POINT('Ctrl Pts',(-0.995674487928027,0.187279332731275,
0.));
#2124=CARTESIAN_POINT('Ctrl Pts',(-0.995674487928027,0.187279332731275,
0.1));
#2125=CARTESIAN_POINT('Ctrl Pts',(-1.01052047231491,0.154024317090816,0.));
#2126=CARTESIAN_POINT('Ctrl Pts',(-1.01052047231491,0.154024317090816,0.1));
#2127=CARTESIAN_POINT('Ctrl Pts',(-1.0106455291616,0.153744189664826,0.));
#2128=CARTESIAN_POINT('Ctrl Pts',(-1.0106455291616,0.153744189664826,0.1));
#2129=CARTESIAN_POINT('Ctrl Pts',(-1.01077058600828,0.153464062238837,0.));
#2130=CARTESIAN_POINT('Ctrl Pts',(-1.01077058600828,0.153464062238837,0.1));
#2131=CARTESIAN_POINT('Ctrl Pts',(-1.01089564285497,0.153183934812849,0.));
#2132=CARTESIAN_POINT('Ctrl Pts',(-1.01089564285497,0.153183934812849,0.1));
#2133=CARTESIAN_POINT('',(-0.949696146295766,0.243899068735949,0.));
#2134=CARTESIAN_POINT('Ctrl Pts',(-1.01056849138942,0.153916754329567,0.));
#2135=CARTESIAN_POINT('Ctrl Pts',(-1.01055248503125,0.153952608583317,0.));
#2136=CARTESIAN_POINT('Ctrl Pts',(-1.01053647867308,0.153988462837066,0.));
#2137=CARTESIAN_POINT('Ctrl Pts',(-1.01052047231491,0.154024317090816,0.));
#2138=CARTESIAN_POINT('Ctrl Pts',(-0.995674487928027,0.187279332731275,
0.));
#2139=CARTESIAN_POINT('Ctrl Pts',(-0.975224477942119,0.217480238955036,
0.));
#2140=CARTESIAN_POINT('Ctrl Pts',(-0.949796510493852,0.243795203559718,
0.));
#2141=CARTESIAN_POINT('Ctrl Pts',(-0.949763055761156,0.243829825285128,
0.));
#2142=CARTESIAN_POINT('Ctrl Pts',(-0.949729601028461,0.243864447010539,
0.));
#2143=CARTESIAN_POINT('Ctrl Pts',(-0.949696146295765,0.243899068735949,
0.));
#2144=CARTESIAN_POINT('',(-0.949696146295761,0.243899068735953,0.1));
#2145=CARTESIAN_POINT('Ctrl Pts',(-1.01056849138942,0.153916754329569,0.1));
#2146=CARTESIAN_POINT('Ctrl Pts',(-1.01055248503125,0.153952608583318,0.1));
#2147=CARTESIAN_POINT('Ctrl Pts',(-1.01053647867308,0.153988462837067,0.1));
#2148=CARTESIAN_POINT('Ctrl Pts',(-1.01052047231491,0.154024317090816,0.1));
#2149=CARTESIAN_POINT('Ctrl Pts',(-0.995674487928027,0.187279332731275,
0.1));
#2150=CARTESIAN_POINT('Ctrl Pts',(-0.975224477942119,0.217480238955036,
0.1));
#2151=CARTESIAN_POINT('Ctrl Pts',(-0.949796510493852,0.243795203559718,
0.1));
#2152=CARTESIAN_POINT('Ctrl Pts',(-0.949763055761155,0.24382982528513,0.1));
#2153=CARTESIAN_POINT('Ctrl Pts',(-0.949729601028458,0.243864447010542,
0.1));
#2154=CARTESIAN_POINT('Ctrl Pts',(-0.949696146295761,0.243899068735954,
0.1));
#2155=CARTESIAN_POINT('Ctrl Pts',(-0.949696146295761,0.243899068735953,
0.1));
#2156=CARTESIAN_POINT('Ctrl Pts',(-0.949696146295761,0.243899068735953,
0.0833333333333333));
#2157=CARTESIAN_POINT('Ctrl Pts',(-0.949696146295761,0.243899068735953,
0.0666666666666667));
#2158=CARTESIAN_POINT('Ctrl Pts',(-0.949696146295761,0.243899068735953,
0.0333333333333333));
#2159=CARTESIAN_POINT('Ctrl Pts',(-0.949696146295766,0.243899068735949,
0.0166666666666667));
#2160=CARTESIAN_POINT('Ctrl Pts',(-0.949696146295766,0.243899068735949,
0.));
#2161=CARTESIAN_POINT('Ctrl Pts',(-0.861820541653777,0.304714146905362,
0.));
#2162=CARTESIAN_POINT('Ctrl Pts',(-0.861820541653777,0.304714146905362,
0.1));
#2163=CARTESIAN_POINT('Ctrl Pts',(-0.89428100595052,0.291162695266206,0.));
#2164=CARTESIAN_POINT('Ctrl Pts',(-0.89428100595052,0.291162695266206,0.1));
#2165=CARTESIAN_POINT('Ctrl Pts',(-0.923754255927264,0.270437337417732,
0.));
#2166=CARTESIAN_POINT('Ctrl Pts',(-0.923754255927264,0.270437337417732,
0.1));
#2167=CARTESIAN_POINT('Ctrl Pts',(-0.94959518371447,0.244002352346787,0.));
#2168=CARTESIAN_POINT('Ctrl Pts',(-0.94959518371447,0.244002352346787,0.1));
#2169=CARTESIAN_POINT('Ctrl Pts',(-0.949812782577416,0.24377975110194,0.));
#2170=CARTESIAN_POINT('Ctrl Pts',(-0.949812782577416,0.24377975110194,0.1));
#2171=CARTESIAN_POINT('Ctrl Pts',(-0.950030381440362,0.243557149857093,
0.));
#2172=CARTESIAN_POINT('Ctrl Pts',(-0.950030381440362,0.243557149857093,
0.1));
#2173=CARTESIAN_POINT('Ctrl Pts',(-0.950247980303307,0.243334548612247,
0.));
#2174=CARTESIAN_POINT('Ctrl Pts',(-0.950247980303307,0.243334548612247,
0.1));
#2175=CARTESIAN_POINT('',(-0.861937020541007,0.304665484177569,0.));
#2176=CARTESIAN_POINT('Ctrl Pts',(-0.949696146295782,0.243899068735932,
0.));
#2177=CARTESIAN_POINT('Ctrl Pts',(-0.949662492102011,0.243933496606217,
0.));
#2178=CARTESIAN_POINT('Ctrl Pts',(-0.949628837908241,0.243967924476502,
0.));
#2179=CARTESIAN_POINT('Ctrl Pts',(-0.94959518371447,0.244002352346787,0.));
#2180=CARTESIAN_POINT('Ctrl Pts',(-0.923785167881896,0.270405714827942,
0.));
#2181=CARTESIAN_POINT('Ctrl Pts',(-0.894351514921051,0.291113102086544,
0.));
#2182=CARTESIAN_POINT('Ctrl Pts',(-0.861937020358048,0.304665483739971,
0.));
#2183=CARTESIAN_POINT('',(-0.861937020540997,0.304665484177573,0.1));
#2184=CARTESIAN_POINT('Ctrl Pts',(-0.949696146295774,0.24389906873594,0.1));
#2185=CARTESIAN_POINT('Ctrl Pts',(-0.949662492102006,0.243933496606222,
0.1));
#2186=CARTESIAN_POINT('Ctrl Pts',(-0.949628837908238,0.243967924476504,
0.1));
#2187=CARTESIAN_POINT('Ctrl Pts',(-0.94959518371447,0.244002352346787,0.1));
#2188=CARTESIAN_POINT('Ctrl Pts',(-0.923785167881894,0.270405714827944,
0.1));
#2189=CARTESIAN_POINT('Ctrl Pts',(-0.894351514921046,0.291113102086548,
0.1));
#2190=CARTESIAN_POINT('Ctrl Pts',(-0.861937020358039,0.304665483739975,
0.1));
#2191=CARTESIAN_POINT('Ctrl Pts',(-0.861937020540997,0.304665484177573,
0.1));
#2192=CARTESIAN_POINT('Ctrl Pts',(-0.861937020540997,0.304665484177573,
0.0833333333333333));
#2193=CARTESIAN_POINT('Ctrl Pts',(-0.861937020541007,0.304665484177569,
0.0666666666666667));
#2194=CARTESIAN_POINT('Ctrl Pts',(-0.861937020541007,0.304665484177569,
0.0333333333333333));
#2195=CARTESIAN_POINT('Ctrl Pts',(-0.861937020541007,0.304665484177569,
0.0166666666666667));
#2196=CARTESIAN_POINT('Ctrl Pts',(-0.861937020541007,0.304665484177569,
0.));
#2197=CARTESIAN_POINT('Ctrl Pts',(-0.724004093334079,0.33033346790157,0.));
#2198=CARTESIAN_POINT('Ctrl Pts',(-0.724004093334079,0.33033346790157,0.1));
#2199=CARTESIAN_POINT('Ctrl Pts',(-0.774174821518286,0.33033346790157,0.));
#2200=CARTESIAN_POINT('Ctrl Pts',(-0.774174821518286,0.33033346790157,0.1));
#2201=CARTESIAN_POINT('Ctrl Pts',(-0.820586083801576,0.322171764116072,
0.));
#2202=CARTESIAN_POINT('Ctrl Pts',(-0.820586083801576,0.322171764116072,
0.1));
#2203=CARTESIAN_POINT('Ctrl Pts',(-0.862050951074503,0.30461727962335,0.));
#2204=CARTESIAN_POINT('Ctrl Pts',(-0.862050951074503,0.30461727962335,0.1));
#2205=CARTESIAN_POINT('',(-0.724004093334079,0.33033346790157,0.));
#2206=CARTESIAN_POINT('Ctrl Pts',(-0.861937020524056,0.304665484137472,
0.));
#2207=CARTESIAN_POINT('Ctrl Pts',(-0.820501075623728,0.322186705923776,
0.));
#2208=CARTESIAN_POINT('Ctrl Pts',(-0.77412887616158,0.33033346790157,0.));
#2209=CARTESIAN_POINT('Ctrl Pts',(-0.724004093334079,0.33033346790157,0.));
#2210=CARTESIAN_POINT('',(-0.724004093334079,0.33033346790157,0.1));
#2211=CARTESIAN_POINT('Ctrl Pts',(-0.861937020524046,0.304665484137476,
0.1));
#2212=CARTESIAN_POINT('Ctrl Pts',(-0.820501075623721,0.322186705923777,
0.1));
#2213=CARTESIAN_POINT('Ctrl Pts',(-0.774128876161576,0.33033346790157,0.1));
#2214=CARTESIAN_POINT('Ctrl Pts',(-0.724004093334079,0.33033346790157,0.1));
#2215=CARTESIAN_POINT('',(-0.724004093334079,0.33033346790157,0.));
#2216=CARTESIAN_POINT('Ctrl Pts',(-0.493689510574258,0.239647498212508,
0.));
#2217=CARTESIAN_POINT('Ctrl Pts',(-0.493689510574258,0.239647498212508,
0.1));
#2218=CARTESIAN_POINT('Ctrl Pts',(-0.551870753976143,0.299928084171039,
0.));
#2219=CARTESIAN_POINT('Ctrl Pts',(-0.551870753976143,0.299928084171039,
0.1));
#2220=CARTESIAN_POINT('Ctrl Pts',(-0.632627748130907,0.33033346790157,0.));
#2221=CARTESIAN_POINT('Ctrl Pts',(-0.632627748130907,0.33033346790157,0.1));
#2222=CARTESIAN_POINT('Ctrl Pts',(-0.724004093334079,0.33033346790157,0.));
#2223=CARTESIAN_POINT('Ctrl Pts',(-0.724004093334079,0.33033346790157,0.1));
#2224=CARTESIAN_POINT('',(-0.493734009854983,0.2396935933385,0.));
#2225=CARTESIAN_POINT('Ctrl Pts',(-0.724004093334079,0.33033346790157,0.));
#2226=CARTESIAN_POINT('Ctrl Pts',(-0.632651042038537,0.33033346790157,0.));
#2227=CARTESIAN_POINT('Ctrl Pts',(-0.551911928253527,0.29994358424215,0.));
#2228=CARTESIAN_POINT('Ctrl Pts',(-0.493734010140046,0.23969359306324,0.));
#2229=CARTESIAN_POINT('',(-0.493734009854966,0.239693593338482,0.1));
#2230=CARTESIAN_POINT('Ctrl Pts',(-0.724004093334079,0.33033346790157,0.1));
#2231=CARTESIAN_POINT('Ctrl Pts',(-0.632651042038527,0.33033346790157,0.1));
#2232=CARTESIAN_POINT('Ctrl Pts',(-0.551911928253511,0.299943584242144,
0.1));
#2233=CARTESIAN_POINT('Ctrl Pts',(-0.493734010140029,0.239693593063222,
0.1));
#2234=CARTESIAN_POINT('Ctrl Pts',(-0.493734009854966,0.239693593338482,
0.1));
#2235=CARTESIAN_POINT('Ctrl Pts',(-0.493734009854966,0.239693593338482,
0.0833333333333333));
#2236=CARTESIAN_POINT('Ctrl Pts',(-0.493734009854983,0.2396935933385,0.0666666666666667));
#2237=CARTESIAN_POINT('Ctrl Pts',(-0.493734009854983,0.2396935933385,0.0333333333333333));
#2238=CARTESIAN_POINT('Ctrl Pts',(-0.493734009854983,0.2396935933385,0.0166666666666667));
#2239=CARTESIAN_POINT('Ctrl Pts',(-0.493734009854983,0.2396935933385,0.));
#2240=CARTESIAN_POINT('Ctrl Pts',(-0.406507500037551,-0.00479615372337617,
0.));
#2241=CARTESIAN_POINT('Ctrl Pts',(-0.406507500037551,-0.00479615372337617,
0.1));
#2242=CARTESIAN_POINT('Ctrl Pts',(-0.406507500037551,0.0938227635357138,
0.));
#2243=CARTESIAN_POINT('Ctrl Pts',(-0.406507500037551,0.0938227635357138,
0.1));
#2244=CARTESIAN_POINT('Ctrl Pts',(-0.434676427136806,0.178818878059708,
0.));
#2245=CARTESIAN_POINT('Ctrl Pts',(-0.434676427136806,0.178818878059708,
0.1));
#2246=CARTESIAN_POINT('Ctrl Pts',(-0.493778853581083,0.239739827275032,
0.));
#2247=CARTESIAN_POINT('Ctrl Pts',(-0.493778853581083,0.239739827275032,
0.1));
#2248=CARTESIAN_POINT('',(-0.406507500037551,-0.00479615372337617,0.));
#2249=CARTESIAN_POINT('Ctrl Pts',(-0.493734010018754,0.239693593179696,
0.));
#2250=CARTESIAN_POINT('Ctrl Pts',(-0.434662178398507,0.178775878014621,
0.));
#2251=CARTESIAN_POINT('Ctrl Pts',(-0.406507500037551,0.0937978180899494,
0.));
#2252=CARTESIAN_POINT('Ctrl Pts',(-0.406507500037551,-0.00479615372337617,
0.));
#2253=CARTESIAN_POINT('',(-0.406507500037551,-0.00479615372337617,0.1));
#2254=CARTESIAN_POINT('Ctrl Pts',(-0.493734010018736,0.239693593179678,
0.1));
#2255=CARTESIAN_POINT('Ctrl Pts',(-0.434662178398501,0.178775878014604,
0.1));
#2256=CARTESIAN_POINT('Ctrl Pts',(-0.406507500037551,0.0937978180899399,
0.1));
#2257=CARTESIAN_POINT('Ctrl Pts',(-0.406507500037551,-0.00479615372337617,
0.1));
#2258=CARTESIAN_POINT('',(-0.406507500037551,-0.00479615372337617,0.));
#2259=CARTESIAN_POINT('Ctrl Pts',(-0.49429778036172,-0.24952949566191,0.));
#2260=CARTESIAN_POINT('Ctrl Pts',(-0.49429778036172,-0.24952949566191,0.1));
#2261=CARTESIAN_POINT('Ctrl Pts',(-0.493815060970135,-0.249026766991074,
0.));
#2262=CARTESIAN_POINT('Ctrl Pts',(-0.493815060970135,-0.249026766991074,
0.1));
#2263=CARTESIAN_POINT('Ctrl Pts',(-0.493332341578551,-0.248524038320238,
0.));
#2264=CARTESIAN_POINT('Ctrl Pts',(-0.493332341578551,-0.248524038320238,
0.1));
#2265=CARTESIAN_POINT('Ctrl Pts',(-0.492849622186966,-0.248021309649402,
0.));
#2266=CARTESIAN_POINT('Ctrl Pts',(-0.492849622186966,-0.248021309649402,
0.1));
#2267=CARTESIAN_POINT('Ctrl Pts',(-0.434392254774784,-0.18714081648502,
0.));
#2268=CARTESIAN_POINT('Ctrl Pts',(-0.434392254774784,-0.18714081648502,
0.1));
#2269=CARTESIAN_POINT('Ctrl Pts',(-0.406507500037551,-0.102647543424343,
0.));
#2270=CARTESIAN_POINT('Ctrl Pts',(-0.406507500037551,-0.102647543424343,
0.1));
#2271=CARTESIAN_POINT('Ctrl Pts',(-0.406507500037551,-0.00479615372337617,
0.));
#2272=CARTESIAN_POINT('Ctrl Pts',(-0.406507500037551,-0.00479615372337617,
0.1));
#2273=CARTESIAN_POINT('',(-0.492892779823364,-0.248066256219938,0.));
#2274=CARTESIAN_POINT('Ctrl Pts',(-0.406507500037551,-0.00479615372337617,
0.));
#2275=CARTESIAN_POINT('Ctrl Pts',(-0.406507500037551,-0.102647543424343,
0.));
#2276=CARTESIAN_POINT('Ctrl Pts',(-0.434392254774784,-0.18714081648502,
0.));
#2277=CARTESIAN_POINT('Ctrl Pts',(-0.492849622186966,-0.248021309649402,
0.));
#2278=CARTESIAN_POINT('Ctrl Pts',(-0.492864008065765,-0.248036291839581,
0.));
#2279=CARTESIAN_POINT('Ctrl Pts',(-0.492878393944565,-0.24805127402976,
0.));
#2280=CARTESIAN_POINT('Ctrl Pts',(-0.492892779823364,-0.248066256219938,
0.));
#2281=CARTESIAN_POINT('',(-0.492892779823361,-0.248066256219934,0.1));
#2282=CARTESIAN_POINT('Ctrl Pts',(-0.406507500037551,-0.00479615372337617,
0.1));
#2283=CARTESIAN_POINT('Ctrl Pts',(-0.406507500037551,-0.102647543424343,
0.1));
#2284=CARTESIAN_POINT('Ctrl Pts',(-0.434392254774784,-0.18714081648502,
0.1));
#2285=CARTESIAN_POINT('Ctrl Pts',(-0.492849622186966,-0.248021309649402,
0.1));
#2286=CARTESIAN_POINT('Ctrl Pts',(-0.492864008065768,-0.248036291839584,
0.1));
#2287=CARTESIAN_POINT('Ctrl Pts',(-0.492878393944571,-0.248051274029766,
0.1));
#2288=CARTESIAN_POINT('Ctrl Pts',(-0.492892779823373,-0.248066256219947,
0.1));
#2289=CARTESIAN_POINT('Ctrl Pts',(-0.492892779823364,-0.248066256219938,
0.));
#2290=CARTESIAN_POINT('Ctrl Pts',(-0.492892779823364,-0.248066256219938,
0.0166666666666667));
#2291=CARTESIAN_POINT('Ctrl Pts',(-0.492892779823364,-0.248066256219938,
0.0333333333333333));
#2292=CARTESIAN_POINT('Ctrl Pts',(-0.492892779823364,-0.248066256219938,
0.0666666666666667));
#2293=CARTESIAN_POINT('Ctrl Pts',(-0.492892779823361,-0.248066256219934,
0.0833333333333333));
#2294=CARTESIAN_POINT('Ctrl Pts',(-0.492892779823361,-0.248066256219934,
0.1));
#2295=CARTESIAN_POINT('Ctrl Pts',(-0.722503416016698,-0.338425042151587,
0.));
#2296=CARTESIAN_POINT('Ctrl Pts',(-0.722503416016698,-0.338425042151587,
0.1));
#2297=CARTESIAN_POINT('Ctrl Pts',(-0.631396775123222,-0.338425042151587,
0.));
#2298=CARTESIAN_POINT('Ctrl Pts',(-0.631396775123222,-0.338425042151587,
0.1));
#2299=CARTESIAN_POINT('Ctrl Pts',(-0.550886298354582,-0.308163126420207,
0.));
#2300=CARTESIAN_POINT('Ctrl Pts',(-0.550886298354582,-0.308163126420207,
0.1));
#2301=CARTESIAN_POINT('Ctrl Pts',(-0.492936049353818,-0.248111095081611,
0.));
#2302=CARTESIAN_POINT('Ctrl Pts',(-0.492936049353818,-0.248111095081611,
0.1));
#2303=CARTESIAN_POINT('Ctrl Pts',(-0.492453329962234,-0.247610868067387,
0.));
#2304=CARTESIAN_POINT('Ctrl Pts',(-0.492453329962234,-0.247610868067387,
0.1));
#2305=CARTESIAN_POINT('Ctrl Pts',(-0.49197061057065,-0.247110641053163,
0.));
#2306=CARTESIAN_POINT('Ctrl Pts',(-0.49197061057065,-0.247110641053163,
0.1));
#2307=CARTESIAN_POINT('Ctrl Pts',(-0.491487891179065,-0.246610414038939,
0.));
#2308=CARTESIAN_POINT('Ctrl Pts',(-0.491487891179065,-0.246610414038939,
0.1));
#2309=CARTESIAN_POINT('',(-0.722503416016698,-0.338425042151587,0.));
#2310=CARTESIAN_POINT('Ctrl Pts',(-0.492892779823353,-0.248066256219927,
0.));
#2311=CARTESIAN_POINT('Ctrl Pts',(-0.492907203000175,-0.248081202507155,
0.));
#2312=CARTESIAN_POINT('Ctrl Pts',(-0.492921626176997,-0.248096148794383,
0.));
#2313=CARTESIAN_POINT('Ctrl Pts',(-0.492936049353818,-0.248111095081611,
0.));
#2314=CARTESIAN_POINT('Ctrl Pts',(-0.550886298354582,-0.308163126420207,
0.));
#2315=CARTESIAN_POINT('Ctrl Pts',(-0.631396775123222,-0.338425042151587,
0.));
#2316=CARTESIAN_POINT('Ctrl Pts',(-0.722503416016698,-0.338425042151587,
0.));
#2317=CARTESIAN_POINT('',(-0.722503416016698,-0.338425042151587,0.1));
#2318=CARTESIAN_POINT('Ctrl Pts',(-0.492892779823356,-0.24806625621993,
0.1));
#2319=CARTESIAN_POINT('Ctrl Pts',(-0.492907203000177,-0.248081202507157,
0.1));
#2320=CARTESIAN_POINT('Ctrl Pts',(-0.492921626176998,-0.248096148794384,
0.1));
#2321=CARTESIAN_POINT('Ctrl Pts',(-0.492936049353818,-0.248111095081611,
0.1));
#2322=CARTESIAN_POINT('Ctrl Pts',(-0.550886298354582,-0.308163126420207,
0.1));
#2323=CARTESIAN_POINT('Ctrl Pts',(-0.631396775123222,-0.338425042151587,
0.1));
#2324=CARTESIAN_POINT('Ctrl Pts',(-0.722503416016698,-0.338425042151587,
0.1));
#2325=CARTESIAN_POINT('',(-0.722503416016698,-0.338425042151587,0.));
#2326=CARTESIAN_POINT('Ctrl Pts',(-0.954932531641401,-0.247083063230836,
0.));
#2327=CARTESIAN_POINT('Ctrl Pts',(-0.954932531641401,-0.247083063230836,
0.1));
#2328=CARTESIAN_POINT('Ctrl Pts',(-0.954449812187729,-0.247580789333506,
0.));
#2329=CARTESIAN_POINT('Ctrl Pts',(-0.954449812187729,-0.247580789333506,
0.1));
#2330=CARTESIAN_POINT('Ctrl Pts',(-0.953967092734056,-0.248078515436176,
0.));
#2331=CARTESIAN_POINT('Ctrl Pts',(-0.953967092734056,-0.248078515436176,
0.1));
#2332=CARTESIAN_POINT('Ctrl Pts',(-0.953484373280383,-0.248576241538847,
0.));
#2333=CARTESIAN_POINT('Ctrl Pts',(-0.953484373280383,-0.248576241538847,
0.1));
#2334=CARTESIAN_POINT('Ctrl Pts',(-0.895387234546826,-0.308479488068761,
0.));
#2335=CARTESIAN_POINT('Ctrl Pts',(-0.895387234546826,-0.308479488068761,
0.1));
#2336=CARTESIAN_POINT('Ctrl Pts',(-0.81443329677779,-0.338425042151587,
0.));
#2337=CARTESIAN_POINT('Ctrl Pts',(-0.81443329677779,-0.338425042151587,
0.1));
#2338=CARTESIAN_POINT('Ctrl Pts',(-0.722503416016698,-0.338425042151587,
0.));
#2339=CARTESIAN_POINT('Ctrl Pts',(-0.722503416016698,-0.338425042151587,
0.1));
#2340=CARTESIAN_POINT('',(-0.953527972662637,-0.248531286751044,0.));
#2341=CARTESIAN_POINT('Ctrl Pts',(-0.722503416016698,-0.338425042151587,
0.));
#2342=CARTESIAN_POINT('Ctrl Pts',(-0.81443329677779,-0.338425042151587,
0.));
#2343=CARTESIAN_POINT('Ctrl Pts',(-0.895387234546826,-0.308479488068761,
0.));
#2344=CARTESIAN_POINT('Ctrl Pts',(-0.953484373280383,-0.248576241538847,
0.));
#2345=CARTESIAN_POINT('Ctrl Pts',(-0.95349890640779,-0.24856125660959,0.));
#2346=CARTESIAN_POINT('Ctrl Pts',(-0.953513439535197,-0.248546271680334,
0.));
#2347=CARTESIAN_POINT('Ctrl Pts',(-0.953527972662604,-0.248531286751077,
0.));
#2348=CARTESIAN_POINT('',(-0.953527972662611,-0.24853128675107,0.1));
#2349=CARTESIAN_POINT('Ctrl Pts',(-0.722503416016698,-0.338425042151587,
0.1));
#2350=CARTESIAN_POINT('Ctrl Pts',(-0.81443329677779,-0.338425042151587,
0.1));
#2351=CARTESIAN_POINT('Ctrl Pts',(-0.895387234546826,-0.308479488068761,
0.1));
#2352=CARTESIAN_POINT('Ctrl Pts',(-0.953484373280383,-0.248576241538847,
0.1));
#2353=CARTESIAN_POINT('Ctrl Pts',(-0.953498906407797,-0.248561256609583,
0.1));
#2354=CARTESIAN_POINT('Ctrl Pts',(-0.953513439535212,-0.248546271680319,
0.1));
#2355=CARTESIAN_POINT('Ctrl Pts',(-0.953527972662627,-0.248531286751054,
0.1));
#2356=CARTESIAN_POINT('Ctrl Pts',(-0.953527972662611,-0.24853128675107,
0.1));
#2357=CARTESIAN_POINT('Ctrl Pts',(-0.953527972662611,-0.24853128675107,
0.0833333333333333));
#2358=CARTESIAN_POINT('Ctrl Pts',(-0.953527972662611,-0.24853128675107,
0.0666666666666667));
#2359=CARTESIAN_POINT('Ctrl Pts',(-0.953527972662611,-0.24853128675107,
0.0333333333333333));
#2360=CARTESIAN_POINT('Ctrl Pts',(-0.953527972662637,-0.248531286751044,
0.0166666666666667));
#2361=CARTESIAN_POINT('Ctrl Pts',(-0.953527972662637,-0.248531286751044,
0.));
#2362=CARTESIAN_POINT('Ctrl Pts',(-1.04,-0.00742233437217988,0.));
#2363=CARTESIAN_POINT('Ctrl Pts',(-1.04,-0.00742233437217988,0.1));
#2364=CARTESIAN_POINT('Ctrl Pts',(-1.04,-0.104152610882419,0.));
#2365=CARTESIAN_POINT('Ctrl Pts',(-1.04,-0.104152610882419,0.1));
#2366=CARTESIAN_POINT('Ctrl Pts',(-1.0119636733253,-0.187976166967525,0.));
#2367=CARTESIAN_POINT('Ctrl Pts',(-1.0119636733253,-0.187976166967525,0.1));
#2368=CARTESIAN_POINT('Ctrl Pts',(-0.953571459297181,-0.248486222888817,
0.));
#2369=CARTESIAN_POINT('Ctrl Pts',(-0.953571459297181,-0.248486222888817,
0.1));
#2370=CARTESIAN_POINT('Ctrl Pts',(-0.953088739905596,-0.248986450151394,
0.));
#2371=CARTESIAN_POINT('Ctrl Pts',(-0.953088739905596,-0.248986450151394,
0.1));
#2372=CARTESIAN_POINT('Ctrl Pts',(-0.95260602051401,-0.249486677413972,
0.));
#2373=CARTESIAN_POINT('Ctrl Pts',(-0.95260602051401,-0.249486677413972,
0.1));
#2374=CARTESIAN_POINT('Ctrl Pts',(-0.952123301122427,-0.249986904676547,
0.));
#2375=CARTESIAN_POINT('Ctrl Pts',(-0.952123301122427,-0.249986904676547,
0.1));
#2376=CARTESIAN_POINT('Ctrl Pts',(-0.953527972662639,-0.248531286751042,
0.));
#2377=CARTESIAN_POINT('Ctrl Pts',(-0.953542468207486,-0.248516265463633,
0.));
#2378=CARTESIAN_POINT('Ctrl Pts',(-0.953556963752333,-0.248501244176225,
0.));
#2379=CARTESIAN_POINT('Ctrl Pts',(-0.953571459297181,-0.248486222888817,
0.));
#2380=CARTESIAN_POINT('Ctrl Pts',(-1.0119636733253,-0.187976166967525,0.));
#2381=CARTESIAN_POINT('Ctrl Pts',(-1.04,-0.104152610882419,0.));
#2382=CARTESIAN_POINT('Ctrl Pts',(-1.04,-0.00742233437217988,0.));
#2383=CARTESIAN_POINT('Ctrl Pts',(-0.953527972662613,-0.248531286751069,
0.1));
#2384=CARTESIAN_POINT('Ctrl Pts',(-0.953542468207469,-0.248516265463652,
0.1));
#2385=CARTESIAN_POINT('Ctrl Pts',(-0.953556963752325,-0.248501244176234,
0.1));
#2386=CARTESIAN_POINT('Ctrl Pts',(-0.953571459297181,-0.248486222888817,
0.1));
#2387=CARTESIAN_POINT('Ctrl Pts',(-1.0119636733253,-0.187976166967525,0.1));
#2388=CARTESIAN_POINT('Ctrl Pts',(-1.04,-0.104152610882419,0.1));
#2389=CARTESIAN_POINT('Ctrl Pts',(-1.04,-0.00742233437217988,0.1));
#2390=CARTESIAN_POINT('Origin',(-0.213021841607988,-0.00404578712500847,
0.1));
#2391=CARTESIAN_POINT('Origin',(-0.213021841607988,-0.00404578712500847,
0.));
#2392=UNCERTAINTY_MEASURE_WITH_UNIT(LENGTH_MEASURE(0.01),#2396,
'DISTANCE_ACCURACY_VALUE',
'Maximum model space distance between geometric entities at asserted c
onnectivities');
#2393=UNCERTAINTY_MEASURE_WITH_UNIT(LENGTH_MEASURE(0.01),#2396,
'DISTANCE_ACCURACY_VALUE',
'Maximum model space distance between geometric entities at asserted c
onnectivities');
#2394=(
GEOMETRIC_REPRESENTATION_CONTEXT(3)
GLOBAL_UNCERTAINTY_ASSIGNED_CONTEXT((#2392))
GLOBAL_UNIT_ASSIGNED_CONTEXT((#2396,#2398,#2399))
REPRESENTATION_CONTEXT('','3D')
);
#2395=(
GEOMETRIC_REPRESENTATION_CONTEXT(3)
GLOBAL_UNCERTAINTY_ASSIGNED_CONTEXT((#2393))
GLOBAL_UNIT_ASSIGNED_CONTEXT((#2396,#2398,#2399))
REPRESENTATION_CONTEXT('','3D')
);
#2396=(
LENGTH_UNIT()
NAMED_UNIT(*)
SI_UNIT(.MILLI.,.METRE.)
);
#2397=(
LENGTH_UNIT()
NAMED_UNIT(*)
SI_UNIT($,.METRE.)
);
#2398=(
NAMED_UNIT(*)
PLANE_ANGLE_UNIT()
SI_UNIT($,.RADIAN.)
);
#2399=(
NAMED_UNIT(*)
SI_UNIT($,.STERADIAN.)
SOLID_ANGLE_UNIT()
);
#2400=SHAPE_DEFINITION_REPRESENTATION(#2401,#2402);
#2401=PRODUCT_DEFINITION_SHAPE('',$,#2404);
#2402=SHAPE_REPRESENTATION('',(#1182),#2394);
#2403=PRODUCT_DEFINITION_CONTEXT('part definition',#2408,'design');
#2404=PRODUCT_DEFINITION('2026-09-17-20-49-31-606','ovp',#2405,#2403);
#2405=PRODUCT_DEFINITION_FORMATION('',$,#2410);
#2406=PRODUCT_RELATED_PRODUCT_CATEGORY('ovp','ovp',(#2410));
#2407=APPLICATION_PROTOCOL_DEFINITION('international standard',
'automotive_design',2009,#2408);
#2408=APPLICATION_CONTEXT(
'Core Data for Automotive Mechanical Design Process');
#2409=PRODUCT_CONTEXT('part definition',#2408,'mechanical');
#2410=PRODUCT('2026-09-17-20-49-31-606','ovp',$,(#2409));
#2411=PRESENTATION_STYLE_ASSIGNMENT((#2412));
#2412=SURFACE_STYLE_USAGE(.BOTH.,#2413);
#2413=SURFACE_SIDE_STYLE('',(#2414));
#2414=SURFACE_STYLE_FILL_AREA(#2415);
#2415=FILL_AREA_STYLE('Steel - Satin',(#2416));
#2416=FILL_AREA_STYLE_COLOUR('Steel - Satin',#2417);
#2417=COLOUR_RGB('Steel - Satin',0.627450980392157,0.627450980392157,0.627450980392157);
ENDSEC;
END-ISO-10303-21;
